item_id,rating,rated_at,mode,round
ee04cee0b34e,2,2026-08-26T16:32:14,blind,1
a0534e798bd0,2,2026-08-26T16:32:25,blind,1
a1759eebfffc,3,2026-08-26T16:32:41,blind,1
8066ff5d55d7,3,2026-08-26T16:34:16,blind,1
25bdd09075e0,5,2026-08-26T16:34:30,blind,1
449a1fece84b,4,2026-08-26T16:34:46,blind,1
a0fa21faf73f,4,2026-08-26T16:35:03,blind,1
18475932ae4f,2,2026-08-26T16:35:15,blind,1
b774537341a2,5,2026-08-26T16:35:31,blind,1
1b234536219a,2,2026-08-26T16:35:45,blind,1
95298b338c53,2,2026-08-26T16:36:14,blind,1
10644b7c2dec,3,2026-08-26T16:36:30,blind,1
ce73d57dadaa,1,2026-08-26T16:36:57,blind,1
a0dd2e73e4bc,3,2026-08-26T16:37:13,blind,1
141f587713e2,3,2026-08-26T16:37:28,blind,1
f694d6c6bd56,3,2026-08-26T16:37:42,blind,1
9f91bbc23b2d,3,2026-08-26T16:38:01,blind,1
df7466c33d21,5,2026-08-26T16:38:12,blind,1
33b34af5f912,4,2026-08-26T16:38:23,blind,1
92b19c625436,3,2026-08-26T16:38:34,blind,1
3b903ab7645a,2,2026-08-26T16:38:59,blind,1
7fd2d6767575,3,2026-08-26T16:39:14,blind,1
f39512f3e885,1,2026-08-26T16:39:27,blind,1
69dc74593de4,5,2026-08-26T16:39:39,blind,1
bb9d18007856,4,2026-08-26T16:39:48,blind,1
a11db7bce738,1,2026-08-26T16:39:57,blind,1
0ba40f74f69b,2,2026-08-26T16:40:16,blind,1
316a2626d8f2,4,2026-08-26T16:40:28,blind,1
fa50662d76e9,2,2026-08-26T16:40:35,blind,1
60c5324404d9,3,2026-08-26T16:40:44,blind,1
4b949653f5ff,3,2026-08-26T16:40:55,blind,1
951f1e3f1ec0,4,2026-08-26T16:41:11,blind,1
4b346577077d,4,2026-08-26T16:41:19,blind,1
2c946c44b368,4,2026-08-26T16:41:29,blind,1
357e200293fe,3,2026-08-26T16:41:36,blind,1
1f4de09e8a6d,5,2026-08-26T16:41:43,blind,1
9925fa00c4ac,4,2026-08-26T16:41:56,blind,1
bd803d140844,4,2026-08-26T16:42:02,blind,1
e6f442f645d9,3,2026-08-26T16:42:11,blind,1
5b3118ee3a41,3,2026-08-26T16:42:18,blind,1
c3cb892e1d9d,1,2026-08-26T16:42:32,blind,1
199d426081a4,4,2026-08-26T16:42:39,blind,1
721ab1389649,5,2026-08-26T16:42:44,blind,1
cf4954e27ddb,5,2026-08-26T16:42:54,blind,1
160785a46210,3,2026-08-26T16:43:02,blind,1
f9cd8fb7fc19,5,2026-08-26T16:43:15,blind,1
dc3bb832802a,3,2026-08-26T16:43:29,blind,1
e96fd792bbc6,3,2026-08-26T16:43:41,blind,1
fb8e528e378a,4,2026-08-26T16:43:49,blind,1
54aa64b688e6,1,2026-08-26T16:44:00,blind,1
a71a56e2004f,3,2026-08-26T16:44:09,blind,1
9f562b3ddfb0,4,2026-08-26T16:44:16,blind,1
cbd9fa9e9daf,5,2026-08-26T16:44:46,blind,1
0f327c4ba48c,4,2026-08-26T16:45:27,blind,1
af811c68ed86,3,2026-08-26T16:45:51,blind,1
646598783b7d,3,2026-08-26T16:45:59,blind,1
3867ee8e8bd5,3,2026-08-26T16:46:13,blind,1
dc0e7adf159e,4,2026-08-26T16:46:22,blind,1
e627463517de,4,2026-08-26T16:46:30,blind,1
a37852e9c011,4,2026-08-26T16:46:42,blind,1
21b01dd239cc,3,2026-08-26T16:46:47,blind,1
212aa32c2a04,2,2026-08-26T16:46:58,blind,1
def38efe48fc,2,2026-08-26T16:47:07,blind,1
110a5504f50d,3,2026-08-26T16:47:11,blind,1
6edbce104bf7,4,2026-08-26T16:47:16,blind,1
a5f31d6f9384,3,2026-08-26T16:47:24,blind,1
cb1a3c845d6e,4,2026-08-26T16:47:33,blind,1
996d6478f372,4,2026-08-26T16:47:51,blind,1
2b003a4b3883,3,2026-08-26T16:48:03,blind,1
e12c114934b5,3,2026-08-26T16:48:11,blind,1
3743774a9f2f,4,2026-08-26T16:48:18,blind,1
c6978bb757f1,3,2026-08-26T16:48:29,blind,1
e01231f1bb7a,2,2026-08-26T16:48:36,blind,1
d55e6977024a,1,2026-08-26T16:48:50,blind,1
0a2937e226a8,1,2026-08-26T16:48:57,blind,1
a89d3a9a72f2,1,2026-08-26T16:49:01,blind,1
222c2fb190fd,4,2026-08-26T16:49:07,blind,1
035e0c2cffbb,4,2026-08-26T16:49:16,blind,1
83d0a0cd3665,1,2026-08-26T16:49:20,blind,1
01bf28548e15,1,2026-08-26T16:49:27,blind,1
9c4e240691e6,3,2026-08-26T16:49:35,blind,1
5f30a9c7044d,4,2026-08-26T16:49:44,blind,1
4dd04d110348,5,2026-08-26T16:49:56,blind,1
2e98308cba75,3,2026-08-26T16:50:04,blind,1
72fc72fcb3c7,3,2026-08-26T16:50:11,blind,1
3d090dda78ec,2,2026-08-26T16:50:21,blind,1
feca50b053bb,3,2026-08-26T16:50:44,blind,1
99c63b21998c,3,2026-08-26T16:50:52,blind,1
820452acef00,2,2026-08-26T16:50:57,blind,1
d20aaed7b3a5,4,2026-08-26T16:51:05,blind,1
48efbc64eb54,3,2026-08-26T16:51:09,blind,1
ad49864f7ba4,3,2026-08-26T16:51:16,blind,1
d4e9ab9e2ab8,2,2026-08-26T16:51:21,blind,1
e4bbd2e53d63,2,2026-08-26T16:51:28,blind,1
a7e4f881f499,4,2026-08-26T16:51:34,blind,1
fcba61b30446,4,2026-08-26T16:51:37,blind,1
7b99f81bfd84,2,2026-08-26T16:51:44,blind,1
78f14426fc2a,2,2026-08-26T20:38:54,blind,2
9c463925f869,1,2026-08-26T20:39:04,blind,2
103d3bcec322,3,2026-08-26T20:39:53,blind,2
97f0aae36fd2,2,2026-08-26T20:40:00,blind,2
909ae7882a00,2,2026-08-26T20:40:06,blind,2
5bb61eb2e239,2,2026-08-26T20:40:31,blind,2
5c38d6fbef84,3,2026-08-26T20:40:39,blind,2
ab2975d435f7,4,2026-08-26T20:40:47,blind,2
32045c429777,3,2026-08-26T20:40:57,blind,2
de27480696e7,2,2026-08-26T20:41:06,blind,2
0debecd7289d,4,2026-08-26T20:41:13,blind,2
8e12e5e2db69,4,2026-08-26T20:41:40,blind,2
b9895c7b8d93,2,2026-08-26T20:41:50,blind,2
b9cbbf792a86,5,2026-08-26T20:42:00,blind,2
e2b38c9d1dd7,2,2026-08-26T20:42:11,blind,2
a9ac32c382da,4,2026-08-26T20:42:19,blind,2
0ba028a39822,3,2026-08-26T20:42:30,blind,2
745199f5327a,5,2026-08-26T20:42:40,blind,2
06b203f46279,3,2026-08-26T20:42:48,blind,2
2123b3a7caa5,2,2026-08-26T20:42:52,blind,2
ce8804f61824,2,2026-08-26T20:43:02,blind,2
721b920e157c,3,2026-08-26T20:43:11,blind,2
7c7eb123ac8a,4,2026-08-26T20:43:18,blind,2
dda4f9a2c4d9,1,2026-08-26T20:43:30,blind,2
52903cabee72,5,2026-08-26T20:43:38,blind,2
f07992b31a86,3,2026-08-26T20:43:41,blind,2
eb678a5aadc6,3,2026-08-26T20:43:58,blind,2
4e9f3eeeaca2,5,2026-08-26T20:44:11,blind,2
70803cf83c0a,2,2026-08-26T20:44:24,blind,2
b113f48ce7ac,2,2026-08-26T20:44:37,blind,2
c7161202de4e,1,2026-08-26T20:44:41,blind,2
4ee5b844a816,3,2026-08-26T20:44:46,blind,2
1ac764ac4e49,4,2026-08-26T20:44:53,blind,2
35bf794aba4e,4,2026-08-26T20:45:02,blind,2
c417943d08a8,5,2026-08-26T20:45:14,blind,2
45d4f5d85c0f,3,2026-08-26T20:45:30,blind,2
7e084e639614,3,2026-08-26T20:45:36,blind,2
533694213867,3,2026-08-26T20:45:49,blind,2
e6482980b855,1,2026-08-26T20:45:57,blind,2
de041f5740ff,2,2026-08-26T20:46:06,blind,2
917ee7a5f9f7,5,2026-08-26T20:46:20,blind,2
09e1ea737d72,2,2026-08-26T20:46:27,blind,2
3ae865c101b4,1,2026-08-26T20:46:35,blind,2
e0f9767877d9,2,2026-08-26T20:46:49,blind,2
67b72f71bd1e,4,2026-08-26T20:47:01,blind,2
91bfaeda9ccb,2,2026-08-26T20:47:10,blind,2
1f68622d46f8,4,2026-08-26T20:47:20,blind,2
63c657c5c7d5,2,2026-08-26T20:47:28,blind,2
6c01408f673e,2,2026-08-26T20:47:37,blind,2
c75909e20b6a,4,2026-08-26T20:47:52,blind,2
9ce7955cb1e9,3,2026-08-26T20:48:03,blind,2
ffb93432a902,3,2026-08-26T20:48:11,blind,2
1e71b68f91e8,1,2026-08-26T20:48:18,blind,2
ecb1a2e46634,2,2026-08-26T20:48:27,blind,2
ec9feea748cf,1,2026-08-26T20:48:33,blind,2
de1c4e1c8ccc,1,2026-08-26T20:48:44,blind,2
404702c1f406,5,2026-08-26T20:48:53,blind,2
47b96319628a,4,2026-08-26T20:49:01,blind,2
ac931f84bea6,1,2026-08-26T20:49:06,blind,2
c3d8a45af181,2,2026-08-26T20:49:12,blind,2
5adb7f6c7a07,3,2026-08-26T20:49:26,blind,2
d502a5184ae3,3,2026-08-26T20:49:44,blind,2
cf6d0bfa8734,4,2026-08-26T20:49:56,blind,2
8767f6c2f348,3,2026-08-26T20:50:06,blind,2
811ca150210c,3,2026-08-26T20:50:18,blind,2
dcc9af743c5a,3,2026-08-26T20:50:32,blind,2
3104501896a3,4,2026-08-26T20:50:42,blind,2
15f83b6916c6,3,2026-08-26T20:50:51,blind,2
e60fe4a245b6,1,2026-08-26T20:51:08,blind,2
bda919e0b0e2,4,2026-08-26T20:51:14,blind,2
8c32aa40dc8c,4,2026-08-26T20:51:49,blind,2
a9d107bdb47f,4,2026-08-26T20:52:10,blind,2
95c3ed509b65,1,2026-08-26T20:52:18,blind,2
aef91ff89da0,3,2026-08-26T20:52:29,blind,2
46130e09ba8c,1,2026-08-26T20:52:39,blind,2
dc3b4ba83eb6,3,2026-08-26T20:52:46,blind,2
cb709cc64463,1,2026-08-26T20:52:54,blind,2
f6902b29dcb8,2,2026-08-26T20:53:01,blind,2
760ba12bc9bb,2,2026-08-26T20:53:07,blind,2
2561a9e9cf97,3,2026-08-26T20:53:21,blind,2
2cfcbe913d5e,2,2026-08-26T20:53:30,blind,2
6100413b3358,3,2026-08-26T20:53:34,blind,2
7fc8031257e2,1,2026-08-26T20:53:45,blind,2
01fc74ce918c,3,2026-08-26T20:53:54,blind,2
d489969f6896,1,2026-08-26T20:54:01,blind,2
ba395ac49a8a,4,2026-08-26T20:54:15,blind,2
40b6526230db,4,2026-08-26T20:54:41,blind,2
d417470975ad,1,2026-08-26T20:54:48,blind,2
1d7bc26e691a,3,2026-08-26T20:54:56,blind,2
13523aa052fe,3,2026-08-26T20:55:05,blind,2
229d9bce878d,2,2026-08-26T20:55:11,blind,2
f489ef430a45,4,2026-08-26T20:55:22,blind,2
a2a3db30b5b4,1,2026-08-26T20:55:36,blind,2
48a2c8c905ef,2,2026-08-26T20:55:42,blind,2
2be3cf582b4f,3,2026-08-26T20:55:49,blind,2
3eac37eb94cb,3,2026-08-26T20:55:54,blind,2
e3834e017d51,1,2026-08-26T20:56:02,blind,2
ba75fd74a8a8,2,2026-08-26T20:56:08,blind,2
6c4a4b7e6ef8,4,2026-08-26T20:56:16,blind,2
5f13d5cefc8b,3,2026-08-26T20:56:24,blind,2
75c027d3e87b,5,2026-08-26T21:01:57,blind,3
1a2ad4340056,1,2026-08-26T21:02:15,blind,3
e931998f5d23,4,2026-08-26T21:02:28,blind,3
fedeeae3adfe,3,2026-08-26T21:02:40,blind,3
59adcfc54ee6,2,2026-08-26T21:02:52,blind,3
6ef4f50b6452,3,2026-08-26T21:03:04,blind,3
a6a9c4cf208d,4,2026-08-26T21:03:20,blind,3
5c86108aabe9,3,2026-08-26T21:03:35,blind,3
6c82f208bdab,2,2026-08-26T21:03:43,blind,3
ae847fafd5b4,4,2026-08-26T21:04:01,blind,3
96950c7e4fee,5,2026-08-26T21:04:12,blind,3
da3f22802350,2,2026-08-26T21:04:21,blind,3
2400fb5dca4d,4,2026-08-26T21:04:40,blind,3
546af1614e78,1,2026-08-26T21:04:45,blind,3
c420531f1780,3,2026-08-26T21:05:08,blind,3
8cef5063a7a1,4,2026-08-26T21:05:18,blind,3
c9780d69eb7b,1,2026-08-26T21:05:27,blind,3
46e16ea70243,2,2026-08-26T21:05:35,blind,3
3ba87b9ba272,2,2026-08-26T21:05:46,blind,3
5d5ff51e164a,3,2026-08-26T21:05:53,blind,3
7eb9e678e24e,1,2026-08-26T21:06:00,blind,3
01a5eb7a6632,3,2026-08-26T21:06:12,blind,3
cec6120e88d9,3,2026-08-26T21:07:11,blind,3
7748fa539abf,4,2026-08-26T21:07:31,blind,3
1e154f57c35b,5,2026-08-26T21:07:40,blind,3
62a8ec952969,1,2026-08-26T21:07:43,blind,3
210f2088390a,2,2026-08-26T21:07:51,blind,3
47ca9da08c06,2,2026-08-26T21:07:57,blind,3
f7e024ec6ae7,3,2026-08-26T21:08:09,blind,3
18aee121f2cb,4,2026-08-26T21:09:01,blind,3
1e0962cb7430,2,2026-08-26T21:09:16,blind,3
e3e152fd06d1,3,2026-08-26T21:09:23,blind,3
09ab50bbfa21,3,2026-08-26T21:09:31,blind,3
e443a64ce486,3,2026-08-26T21:09:39,blind,3
d621fbd2bc80,3,2026-08-26T21:09:45,blind,3
994cf3f72f59,4,2026-08-26T21:09:55,blind,3
b6e0997ad517,3,2026-08-26T21:10:23,blind,3
53889ff4afec,4,2026-08-26T21:10:35,blind,3
382bea5d8ef3,3,2026-08-26T21:10:45,blind,3
116dc58045ca,2,2026-08-26T21:10:50,blind,3
8410a821b929,1,2026-08-26T21:10:56,blind,3
8922b0724d68,5,2026-08-26T21:11:10,blind,3
420000363f24,2,2026-08-26T21:11:15,blind,3
6666ce4a2e57,2,2026-08-26T21:11:22,blind,3
016049564c11,2,2026-08-26T21:11:28,blind,3
fa36c581aef9,1,2026-08-26T21:11:43,blind,3
bbe87d6431f8,2,2026-08-26T21:11:48,blind,3
67a301aa4677,1,2026-08-26T21:11:53,blind,3
4a4e3de749a1,2,2026-08-26T21:12:04,blind,3
c0a8d1022170,3,2026-08-26T21:12:11,blind,3
fa2ac88c385b,1,2026-08-26T21:12:15,blind,3
efc04ce0ab40,2,2026-08-26T21:12:21,blind,3
a4092092881e,1,2026-08-26T21:12:32,blind,3
d0ba208e2e47,1,2026-08-26T21:12:35,blind,3
4f5a1e05b9a2,2,2026-08-26T21:12:40,blind,3
d460809404dc,3,2026-08-26T21:12:45,blind,3
66402926c400,3,2026-08-26T21:12:52,blind,3
1ca0573d9356,4,2026-08-26T21:13:00,blind,3
7cc425c66ec7,1,2026-08-26T21:13:09,blind,3
c410d276c643,1,2026-08-26T21:13:23,blind,3
dc02f99fbdb4,2,2026-08-26T21:13:29,blind,3
49dffca3465f,2,2026-08-26T21:13:37,blind,3
4327609ed5e3,1,2026-08-26T21:13:44,blind,3
b8c2f6eafe08,4,2026-08-26T21:14:11,blind,3
6b9e4fa5a058,2,2026-08-26T21:14:19,blind,3
cdfce8ccde4c,2,2026-08-26T21:14:28,blind,3
c03efd720fab,2,2026-08-26T21:14:37,blind,3
3344adc63432,1,2026-08-26T21:14:41,blind,3
f6b3ca735c45,1,2026-08-26T21:14:46,blind,3
36ce2c524b55,5,2026-08-26T21:14:54,blind,3
f49f1cbb301f,3,2026-08-26T21:15:00,blind,3
0a98158dcc69,3,2026-08-26T21:15:07,blind,3
119bece6aba3,4,2026-08-26T21:15:20,blind,3
c525da873167,3,2026-08-26T21:15:26,blind,3
1d3a0e2d5323,1,2026-08-26T21:15:35,blind,3
e533bbfde22a,5,2026-08-26T21:15:50,blind,3
f726fc402e4b,4,2026-08-26T21:16:01,blind,3
4359d6a214a2,4,2026-08-26T21:16:12,blind,3
016bb04b7921,3,2026-08-26T21:16:25,blind,3
d846db2966c4,5,2026-08-26T21:16:33,blind,3
cd5380766aa1,2,2026-08-26T21:16:42,blind,3
df0ace53a5f7,1,2026-08-26T21:16:51,blind,3
0b6b9ed65e1a,2,2026-08-26T21:17:00,blind,3
822d704c90e3,1,2026-08-26T21:17:05,blind,3
6625b0b815b7,3,2026-08-26T21:17:13,blind,3
049976f20341,4,2026-08-26T21:17:21,blind,3
f792f30bf059,2,2026-08-26T21:17:32,blind,3
a2e9b77316fc,1,2026-08-26T21:17:42,blind,3
c9588f86443a,3,2026-08-26T21:17:48,blind,3
51e20dff897b,2,2026-08-26T21:17:54,blind,3
6292f45ad574,3,2026-08-26T21:18:07,blind,3
d047e91fb760,4,2026-08-26T21:18:14,blind,3
31e6124a8616,3,2026-08-26T21:18:20,blind,3
7de887cecfe7,4,2026-08-26T21:18:26,blind,3
c439368ad4fa,4,2026-08-26T21:18:33,blind,3
816b2e0341bf,3,2026-08-26T21:18:40,blind,3
abd42c604d27,3,2026-08-26T21:18:47,blind,3
a930b6f1e2f2,3,2026-08-26T21:18:55,blind,3
68b9a6fa02f4,5,2026-08-26T21:19:04,blind,3
59f1fd2656a2,4,2026-08-26T21:19:12,blind,3
2fc26597f33c,3,2026-08-26T21:23:34,blind,4
47052e50a843,2,2026-08-26T21:23:55,blind,4
7672e70236a9,4,2026-08-26T21:24:10,blind,4
19cd108ee113,1,2026-08-26T21:24:16,blind,4
d1fb14562aab,3,2026-08-26T21:24:28,blind,4
f50503b0a394,3,2026-08-26T21:24:35,blind,4
a9141f2c9745,4,2026-08-26T21:24:41,blind,4
e9a1ee2e5b76,1,2026-08-26T21:24:50,blind,4
6a22f42cc7d1,1,2026-08-26T21:24:52,blind,4
0a44b737abf8,3,2026-08-26T21:25:12,blind,4
2ec5f3758794,4,2026-08-26T21:25:21,blind,4
12a88be968b8,3,2026-08-26T21:25:33,blind,4
f6e1f5611320,2,2026-08-26T21:25:40,blind,4
ff4d9b2768b3,1,2026-08-26T21:25:53,blind,4
bece43f26c13,4,2026-08-26T21:26:04,blind,4
59faf495dea3,4,2026-08-26T21:26:20,blind,4
dcfc9ab4b098,4,2026-08-26T21:26:27,blind,4
87ec05f8b67f,3,2026-08-26T21:26:31,blind,4
19cca46955be,2,2026-08-26T21:26:34,blind,4
e114b8180661,4,2026-08-26T21:26:44,blind,4
0a519ba7d78b,2,2026-08-26T21:26:48,blind,4
66301c038de5,1,2026-08-26T21:26:52,blind,4
d4f858a6b79d,1,2026-08-26T21:27:00,blind,4
9fcd467e172b,3,2026-08-26T21:27:08,blind,4
a01dea45e6cb,2,2026-08-26T21:27:15,blind,4
99a240ec8342,2,2026-08-26T21:27:22,blind,4
4ee8a8792af7,1,2026-08-26T21:27:26,blind,4
6ff5eedd7a5e,3,2026-08-26T21:27:35,blind,4
944730ecc47b,5,2026-08-26T21:27:38,blind,4
e900f2ef8f54,3,2026-08-26T21:27:43,blind,4
b1eb637a8805,4,2026-08-26T21:27:55,blind,4
c75711687849,2,2026-08-26T21:28:04,blind,4
54bcdf4c0d1a,4,2026-08-26T21:28:11,blind,4
a6f7095dde5d,5,2026-08-26T21:28:17,blind,4
13b89da156ea,2,2026-08-26T21:28:29,blind,4
3d797edb8f4f,4,2026-08-26T21:28:35,blind,4
25cb97b95097,4,2026-08-26T21:28:51,blind,4
9c762ba55019,4,2026-08-26T21:29:14,blind,4
c32a26e4c397,2,2026-08-26T21:29:19,blind,4
312a3d277dd4,1,2026-08-26T21:29:22,blind,4
3ae34953ad3c,2,2026-08-26T21:29:28,blind,4
65e02a4e1a3e,1,2026-08-26T21:29:38,blind,4
0de813531593,3,2026-08-26T21:29:44,blind,4
c433bf0b0d87,2,2026-08-26T21:29:48,blind,4
456accbd1e72,4,2026-08-26T21:29:55,blind,4
f506d1cdb6e7,3,2026-08-26T21:30:09,blind,4
a3c8746c1a48,1,2026-08-26T21:30:12,blind,4
7470f626e588,3,2026-08-26T21:30:15,blind,4
734c03053d88,4,2026-08-26T21:30:20,blind,4
c2b651890252,2,2026-08-26T21:30:27,blind,4
ff76ffdf492f,2,2026-08-26T21:30:40,blind,4
0401be38c444,2,2026-08-26T21:30:45,blind,4
d797b8b3a4b6,2,2026-08-26T21:30:52,blind,4
81878c65a38b,3,2026-08-26T21:31:02,blind,4
4e0da92b33d7,1,2026-08-26T21:31:07,blind,4
f85fd8e7b446,2,2026-08-26T21:31:14,blind,4
c41a17c5012f,2,2026-08-26T21:31:20,blind,4
d1b8cbf7a5cc,4,2026-08-26T21:31:25,blind,4
d870babc9701,2,2026-08-26T21:31:29,blind,4
7dc829bb1f82,3,2026-08-26T21:31:40,blind,4
c50b26739937,3,2026-08-26T21:31:50,blind,4
bef2da48e47b,2,2026-08-26T21:31:56,blind,4
6e15744a493a,1,2026-08-26T21:32:11,blind,4
9956e42b28f2,1,2026-08-26T21:32:18,blind,4
17c141c91bcf,2,2026-08-26T21:32:24,blind,4
39e18a98874c,4,2026-08-26T21:32:31,blind,4
c1db21f4e453,3,2026-08-26T21:32:38,blind,4
66ee13f20583,1,2026-08-26T21:32:42,blind,4
6a6c2291926a,2,2026-08-26T21:32:46,blind,4
2cd3b4b392a0,3,2026-08-26T21:32:52,blind,4
0ec4c1f073e7,4,2026-08-26T21:33:04,blind,4
0256fe966e88,1,2026-08-26T21:33:23,blind,4
a1df084fab0f,1,2026-08-26T21:33:29,blind,4
6e102bb1b070,5,2026-08-26T21:33:37,blind,4
6a8637e1f0d9,4,2026-08-26T21:33:43,blind,4
424fde676a9d,3,2026-08-26T21:33:49,blind,4
20d4f0a53b17,4,2026-08-26T21:33:57,blind,4
05142a491975,4,2026-08-26T21:34:03,blind,4
e4e8da43a6e8,2,2026-08-26T21:34:10,blind,4
3f0502f46c65,2,2026-08-26T21:34:19,blind,4
d7d07c705af9,1,2026-08-26T21:34:28,blind,4
f8fd9a42a109,3,2026-08-26T21:34:40,blind,4
bdb45fc00d56,3,2026-08-26T21:34:49,blind,4
9ed20680e5e0,2,2026-08-26T21:35:01,blind,4
6ff12c2b5446,4,2026-08-26T21:35:07,blind,4
013468eb2e20,4,2026-08-26T21:35:16,blind,4
52bf7402da5c,3,2026-08-26T21:35:24,blind,4
45bd677b4a4e,2,2026-08-26T21:35:36,blind,4
600ba09fa9c8,1,2026-08-26T21:35:42,blind,4
1f89cc98c96d,2,2026-08-26T21:35:57,blind,4
e9d578e0bb64,3,2026-08-26T21:36:06,blind,4
db04e0462c54,1,2026-08-26T21:36:10,blind,4
4eefaf5af7c2,1,2026-08-26T21:36:17,blind,4
165cc0ca781f,1,2026-08-26T21:36:25,blind,4
28c59974bd9d,2,2026-08-26T21:36:30,blind,4
624b5281a1e7,2,2026-08-26T21:36:39,blind,4
cc7a87b1712b,4,2026-08-26T21:36:44,blind,4
aa6d285fad85,2,2026-08-26T21:36:55,blind,4
ffb566ff3a44,3,2026-08-26T21:37:06,blind,4
c4e8b6c274f0,1,2026-08-26T21:37:12,blind,4
8cdd6ec6c8f7,2,2026-08-27T07:45:11,blind,5
bb66b2670d0e,3,2026-08-27T07:45:58,blind,5
c5bff18d4e87,3,2026-08-27T07:46:16,blind,5
00715357b797,4,2026-08-27T07:46:37,blind,5
59c359998cbb,1,2026-08-27T07:46:43,blind,5
e660aaa84645,3,2026-08-27T07:46:55,blind,5
3ecd079dc5d4,3,2026-08-27T07:47:09,blind,5
4bedd3da9a80,2,2026-08-27T07:47:26,blind,5
de2ce51f4ed0,4,2026-08-27T07:47:53,blind,5
256b2cdd9691,2,2026-08-27T07:48:05,blind,5
ebdb2bbcb74a,1,2026-08-27T07:48:10,blind,5
cdbdfda616b8,5,2026-08-27T07:48:23,blind,5
995022dd45c5,3,2026-08-27T07:48:28,blind,5
424dedb2c024,4,2026-08-27T07:48:38,blind,5
2050ffef0db4,3,2026-08-27T07:48:53,blind,5
12b8568ed002,2,2026-08-27T07:49:07,blind,5
88137595f56e,1,2026-08-27T07:49:15,blind,5
1abc25ea1e18,3,2026-08-27T07:49:20,blind,5
ce0ceb508746,3,2026-08-27T07:49:31,blind,5
f199bf63d999,5,2026-08-27T07:49:43,blind,5
9e8ec150bce1,3,2026-08-27T07:49:52,blind,5
c05d92b81bee,2,2026-08-27T07:50:00,blind,5
09309e9bda91,3,2026-08-27T07:50:13,blind,5
5fba3a424b31,2,2026-08-27T07:50:23,blind,5
574630503c6c,2,2026-08-27T07:50:56,blind,5
c2ede221ac1c,4,2026-08-27T07:51:07,blind,5
2d6114e0e3d1,3,2026-08-27T07:51:14,blind,5
da25c2b1e65e,5,2026-08-27T07:51:36,blind,5
225402738895,3,2026-08-27T07:51:41,blind,5
61fbf32760b4,2,2026-08-27T07:52:01,blind,5
561331b54733,3,2026-08-27T07:52:12,blind,5
5cf2499cdcf1,4,2026-08-27T07:52:16,blind,5
c1dc0aef0bed,2,2026-08-27T07:52:23,blind,5
6a320e8efc6f,3,2026-08-27T07:52:39,blind,5
9743fbd3028e,3,2026-08-27T07:52:52,blind,5
f3b5f635cd50,3,2026-08-27T07:53:13,blind,5
4f0a859bb6eb,2,2026-08-27T07:53:22,blind,5
9377b9ad5c56,5,2026-08-27T07:53:31,blind,5
b93248abb198,2,2026-08-27T07:53:38,blind,5
32229e41c9e2,3,2026-08-27T07:53:52,blind,5
3a608fc54931,3,2026-08-27T07:54:00,blind,5
81b43af164fa,2,2026-08-27T07:54:12,blind,5
99ba3d3c1d42,1,2026-08-27T07:54:15,blind,5
1cbdece47b3d,3,2026-08-27T07:54:22,blind,5
91a4018abd50,5,2026-08-27T07:54:29,blind,5
875ae0e2585d,3,2026-08-27T07:54:36,blind,5
151e1dfbcc5d,2,2026-08-27T07:54:41,blind,5
5a7352d2ecf9,1,2026-08-27T07:55:01,blind,5
fc40b51e353a,3,2026-08-27T07:55:06,blind,5
ac71bad84133,4,2026-08-27T07:55:17,blind,5
2416ff2418ba,4,2026-08-27T07:55:26,blind,5
30588518d5c9,2,2026-08-27T07:55:45,blind,5
8463ac2e0c1e,2,2026-08-27T07:56:09,blind,5
07d373ec4ec2,1,2026-08-27T07:56:17,blind,5
4dde4fc9d042,3,2026-08-27T07:56:23,blind,5
e303db8d9c97,1,2026-08-27T07:56:32,blind,5
b003a64763d0,4,2026-08-27T07:56:51,blind,5
d6a3bc09f31c,2,2026-08-27T07:57:00,blind,5
aec0c733dfc6,2,2026-08-27T07:57:14,blind,5
3206db4d02f6,5,2026-08-27T07:57:19,blind,5
5a9ee6a45a27,1,2026-08-27T07:57:23,blind,5
7bbdcae78da8,3,2026-08-27T07:57:34,blind,5
fe1762f9aa5a,2,2026-08-27T07:57:56,blind,5
e04005bd6d86,4,2026-08-27T07:58:04,blind,5
7df0cc629e5e,3,2026-08-27T07:58:19,blind,5
55c3c4031963,4,2026-08-27T07:58:31,blind,5
8b6e570f8ecb,4,2026-08-27T07:58:43,blind,5
81cb371576da,4,2026-08-27T07:59:29,blind,5
6070ce5c7f37,1,2026-08-27T07:59:36,blind,5
dd0ce24b7bbc,2,2026-08-27T07:59:48,blind,5
a43e2a6865fe,4,2026-08-27T07:59:59,blind,5
8a6f2e5b8c63,3,2026-08-27T08:00:15,blind,5
a1274ff2679b,5,2026-08-27T08:00:28,blind,5
127bdd827e4b,3,2026-08-27T08:00:50,blind,5
d3b38e0117aa,3,2026-08-27T08:01:00,blind,5
3d44acbed0d6,1,2026-08-27T08:01:04,blind,5
1f6b8c7467ac,3,2026-08-27T08:01:12,blind,5
63ea8d63c55b,1,2026-08-27T08:01:22,blind,5
823ef06f87dd,2,2026-08-27T08:01:30,blind,5
bd2daaa166ea,3,2026-08-27T08:01:35,blind,5
25d966a36ff5,2,2026-08-27T08:01:44,blind,5
adcbdc336bd7,2,2026-08-27T08:01:50,blind,5
4ca1865b3238,1,2026-08-27T08:01:57,blind,5
833834ae158e,3,2026-08-27T08:02:10,blind,5
0e74f8566caf,2,2026-08-27T08:03:00,blind,5
59fefb73466f,3,2026-08-27T08:03:11,blind,5
55cfc812797c,2,2026-08-27T08:03:19,blind,5
628a917bf44c,2,2026-08-27T08:03:33,blind,5
43a9ff6ee766,3,2026-08-27T08:03:40,blind,5
ff2dcc8703e2,4,2026-08-27T08:03:49,blind,5
d5f3521e400d,2,2026-08-27T08:03:57,blind,5
dbad8a7b9b70,2,2026-08-27T08:04:09,blind,5
ce3c87aa4f3c,3,2026-08-27T08:04:31,blind,5
74587d0757d0,4,2026-08-27T08:04:36,blind,5
a8ad0e7dae21,3,2026-08-27T08:04:48,blind,5
49c987c655df,5,2026-08-27T08:04:58,blind,5
213d999dda27,2,2026-08-27T08:05:03,blind,5
017360f628bd,3,2026-08-27T08:05:09,blind,5
197ca5150c49,4,2026-08-27T08:05:18,blind,5
7cb0ad615663,5,2026-08-27T08:06:01,blind,5
82f0ab8dfa63,4,2026-08-28T14:14:10,blind,6
d4cb3ffaf9bd,3,2026-08-28T14:14:18,blind,6
8f33acefbd3f,2,2026-08-28T14:14:33,blind,6
660298d18512,3,2026-08-28T14:14:51,blind,6
4b0f7927273e,1,2026-08-28T14:15:00,blind,6
8022df13ae48,2,2026-08-28T14:15:05,blind,6
488cfa0e5903,3,2026-08-28T14:15:11,blind,6
554805054d6a,3,2026-08-28T14:15:23,blind,6
5856fad96350,4,2026-08-28T14:16:09,blind,6
f18546535ef3,2,2026-08-28T14:16:15,blind,6
2e444504bf53,2,2026-08-28T14:16:25,blind,6
1616b2175e35,4,2026-08-28T14:16:32,blind,6
b819eb7cecaf,3,2026-08-28T14:16:46,blind,6
ab28f4d15734,3,2026-08-28T14:17:02,blind,6
c6db6c0d11e2,3,2026-08-28T14:17:11,blind,6
ba144060b77e,1,2026-08-28T14:17:19,blind,6
e88c303b88ab,3,2026-08-28T14:17:30,blind,6
95b4ed3accc1,4,2026-08-28T14:17:42,blind,6
78081103bb97,4,2026-08-28T14:18:13,blind,6
97fd1ad747e4,2,2026-08-28T14:18:20,blind,6
a43d41db6f72,2,2026-08-28T14:18:31,blind,6
25613e6f49b4,4,2026-08-28T14:18:39,blind,6
4826872815b7,1,2026-08-28T14:19:00,blind,6
6f5cf6e298d3,2,2026-08-28T14:19:10,blind,6
13018374004c,4,2026-08-28T14:19:16,blind,6
7f473f80f90e,1,2026-08-28T14:19:21,blind,6
86ed31935e9c,3,2026-08-28T14:19:27,blind,6
444f6e49ac9c,3,2026-08-28T14:19:35,blind,6
064bf484baf9,2,2026-08-28T14:19:42,blind,6
350daa799cbe,4,2026-08-28T14:19:51,blind,6
1f64f7f73c7e,3,2026-08-28T14:20:00,blind,6
ad4e0e5bb3c9,2,2026-08-28T14:20:27,blind,6
34be3ef4e7cd,2,2026-08-28T14:20:31,blind,6
a3bdee821ad0,4,2026-08-28T14:20:40,blind,6
0f65516a9e42,3,2026-08-28T14:20:50,blind,6
29e5ef6d158d,2,2026-08-28T14:21:00,blind,6
c2e530f87652,1,2026-08-28T14:21:06,blind,6
ad23799ae2d6,2,2026-08-28T14:21:20,blind,6
f697d598afdd,4,2026-08-28T14:21:29,blind,6
0e18339b1b93,2,2026-08-28T14:21:32,blind,6
c561d154650f,2,2026-08-28T14:21:41,blind,6
594c9941ba67,3,2026-08-28T14:21:54,blind,6
2594ba4d7e67,2,2026-08-28T14:21:59,blind,6
ea788f3e5b0f,2,2026-08-28T14:22:04,blind,6
4c51c926908d,2,2026-08-28T14:22:10,blind,6
240a93be3cbd,3,2026-08-28T14:22:19,blind,6
b4cad4fb306f,4,2026-08-28T14:22:29,blind,6
61e4ad00d1fe,3,2026-08-28T14:22:55,blind,6
7a5a1c033ded,4,2026-08-28T14:23:00,blind,6
13018c05100b,4,2026-08-28T14:23:07,blind,6
b1b5837de844,4,2026-08-28T14:23:14,blind,6
81ee47e3552a,3,2026-08-28T14:23:28,blind,6
776709278897,1,2026-08-28T14:23:35,blind,6
f51dea93cb0d,4,2026-08-28T14:23:41,blind,6
76db57751a91,2,2026-08-28T14:23:49,blind,6
982ec467ded5,2,2026-08-28T14:23:54,blind,6
9107b8a6f935,4,2026-08-28T14:24:16,blind,6
9049a425edb8,4,2026-08-28T14:24:23,blind,6
8765a1e1027e,1,2026-08-28T14:24:35,blind,6
0d339385af48,3,2026-08-29T13:37:43,blind,7
76da6a06f14a,3,2026-08-29T13:38:09,blind,7
6f17db22e092,2,2026-08-29T13:38:22,blind,7
546beeef664c,2,2026-08-29T13:38:38,blind,7
a0471e664340,3,2026-08-29T13:38:45,blind,7
31cb37f195a9,3,2026-08-29T13:38:55,blind,7
656bfe0ef044,2,2026-08-29T13:39:01,blind,7
af10e90f07a8,3,2026-08-29T13:39:10,blind,7
d9bef799f945,4,2026-08-29T13:39:19,blind,7
fc06eedf399b,4,2026-08-29T13:43:46,blind,7
7d262c53b567,4,2026-08-29T13:44:00,blind,7
4365b835dd95,3,2026-08-29T13:44:06,blind,7
904041980ed7,3,2026-08-29T13:44:13,blind,7
209f734e85dc,3,2026-08-29T13:44:25,blind,7
e9e562386ba0,4,2026-08-29T13:44:31,blind,7
46551c90dd84,4,2026-08-29T13:44:39,blind,7
12072abb12b0,1,2026-08-29T13:44:49,blind,7
5f95a351d510,2,2026-08-29T13:44:57,blind,7
1a23438baa7c,1,2026-08-29T13:45:03,blind,7
78cf3f82f9e1,2,2026-08-29T13:45:11,blind,7
a9a59de53b97,3,2026-08-29T13:45:18,blind,7
8c7f02acbdaa,3,2026-08-29T13:45:28,blind,7
42a55383df82,2,2026-08-29T13:45:38,blind,7
757290724266,3,2026-08-29T13:45:46,blind,7
e39f34e2fd1c,3,2026-08-29T13:45:49,blind,7
49a5bd38fc16,2,2026-08-29T13:45:55,blind,7
aebc85d36e58,3,2026-08-29T13:46:00,blind,7
84195a023f69,1,2026-08-29T13:46:10,blind,7
367c06e26bb8,3,2026-08-29T13:46:15,blind,7
5e63812fc4f4,2,2026-08-29T13:46:23,blind,7
64bcf6c04ac0,4,2026-08-29T13:46:29,blind,7
0b19c383490d,2,2026-08-29T13:46:40,blind,7
e50c8bae71e6,2,2026-08-29T13:46:50,blind,7
feeed5864cf6,2,2026-08-29T13:47:03,blind,7
ce7ef5fe1789,3,2026-08-29T13:47:07,blind,7
497131741bb3,3,2026-08-29T13:47:11,blind,7
2eff464e2cc7,2,2026-08-29T13:47:15,blind,7
d72d3c6deeba,1,2026-08-29T13:47:22,blind,7
75ee62e53f68,1,2026-08-29T13:47:27,blind,7
272f918cff14,1,2026-08-29T13:47:33,blind,7
ed8c1d72b709,2,2026-08-29T13:47:38,blind,7
22f2a545eaeb,3,2026-08-29T13:50:19,blind,8
ac2b7fb9ec65,4,2026-08-29T13:50:30,blind,8
209669b9a9b0,4,2026-08-29T13:50:43,blind,8
92826b79c591,3,2026-08-29T13:50:54,blind,8
26a14feb8f60,2,2026-08-29T13:50:57,blind,8
2c8baa1e32b1,1,2026-08-29T13:51:02,blind,8
5df1f54221b8,1,2026-08-29T13:51:06,blind,8
c981fc60632c,1,2026-08-29T13:51:14,blind,8
bcec5ffa7cfa,2,2026-08-29T13:51:30,blind,8
f5bd88faa5b3,2,2026-08-29T13:51:43,blind,8
b25b928cdda8,2,2026-08-29T13:51:47,blind,8
c5be5b37212a,2,2026-08-29T13:51:56,blind,8
2896be6fd382,2,2026-08-29T13:52:04,blind,8
29631fc5ac9a,3,2026-08-29T13:52:09,blind,8
ba414ced76d5,3,2026-08-29T13:52:17,blind,8
4070d1c7d3fb,4,2026-08-29T13:52:38,blind,8
0b9cc1b1fcd8,1,2026-08-29T13:52:50,blind,8
694b4000f0a3,3,2026-08-29T13:53:04,blind,8
70f4f69d7e9b,3,2026-08-29T13:53:11,blind,8
73650898dc5f,2,2026-08-29T13:53:15,blind,8
ea35afad0ded,1,2026-08-29T13:53:26,blind,8
5a12596abf82,2,2026-08-29T13:53:31,blind,8
b4d85fa2fed0,4,2026-08-29T13:53:38,blind,8
1232eeb0fee6,1,2026-08-29T13:53:55,blind,8
1639b409501a,1,2026-08-29T13:54:03,blind,8
b15dd0b44f8a,2,2026-08-29T13:54:07,blind,8
363424e520ff,3,2026-08-29T13:54:14,blind,8
ee486fb7302a,1,2026-08-29T13:54:33,blind,8
c70499db790d,3,2026-08-29T13:54:40,blind,8
25482f22e966,5,2026-08-29T13:54:53,blind,8
703a94a98d7b,2,2026-08-29T13:55:01,blind,8
cf00c9f48a15,3,2026-08-29T13:55:06,blind,8
b3acbbaae8d0,1,2026-08-29T13:55:18,blind,8
079fdf5abcd3,2,2026-08-29T13:55:29,blind,8
47ec1f84c250,2,2026-08-29T13:55:52,blind,8
e8037bb0c143,5,2026-08-29T13:55:59,blind,8
03407888a906,2,2026-08-29T13:56:35,blind,8
8f05b6d79ec4,3,2026-08-29T13:56:39,blind,8
149bc0a482ef,2,2026-08-29T13:56:44,blind,8
cf278a78e5fe,4,2026-08-29T13:56:52,blind,8
1b9e5936bba9,4,2026-08-29T13:57:03,blind,8
748939c0e8e5,3,2026-08-29T13:57:07,blind,8
37527cce02d1,3,2026-08-29T13:57:10,blind,8
5f4a7aaa57a8,5,2026-08-29T13:58:30,blind,8
eb681e0389d6,3,2026-08-29T13:58:34,blind,8
a1dc8c1c9b4e,2,2026-08-29T13:58:58,blind,8
808d8953e00d,3,2026-08-29T13:59:11,blind,8
3252edcf1b97,5,2026-08-29T13:59:44,blind,8
c00547056965,4,2026-08-29T13:59:51,blind,8
525dcc91964b,4,2026-08-29T14:00:06,blind,8
d1f752f89e79,2,2026-08-29T14:00:17,blind,8
efadb5370805,4,2026-08-29T14:00:24,blind,8
256e4a281288,4,2026-08-29T14:00:33,blind,8
e8b267c9f088,3,2026-08-29T14:00:41,blind,8
1db6eaca9f3f,3,2026-08-29T14:00:50,blind,8
4cb57d058251,3,2026-08-29T14:01:02,blind,8
a16387391321,5,2026-08-29T14:01:19,blind,8
fa7bdaa5165d,3,2026-08-29T14:01:35,blind,8
55de89c7373a,3,2026-08-29T14:01:51,blind,8
05c3f55743e4,3,2026-08-29T14:02:10,blind,8
0ad62e5a6500,2,2026-08-29T14:02:20,blind,8
06f9599fcbce,4,2026-08-29T14:02:30,blind,8
d029d4e6e0c6,1,2026-08-29T14:02:38,blind,8
336198927079,2,2026-08-29T14:02:45,blind,8
8cefd5bf3984,4,2026-08-29T14:03:08,blind,8
3c74dd2c5ab8,4,2026-08-29T14:03:33,blind,8
9f60b18299b0,4,2026-08-29T14:03:42,blind,8
4aedd5a5da89,1,2026-08-29T14:03:50,blind,8
575959edc475,1,2026-08-29T14:04:00,blind,8
63da6a365f55,2,2026-08-29T14:04:05,blind,8
791f934c22f0,3,2026-08-29T14:04:09,blind,8
23605e453dd0,4,2026-08-29T14:04:29,blind,8
de03f6204b4c,4,2026-08-29T14:04:39,blind,8
de02dc4ba2d0,3,2026-08-29T14:04:50,blind,8
8023d1d04230,2,2026-08-29T14:05:03,blind,8
b53d2e86c602,3,2026-08-29T14:05:11,blind,8
ec4790d089a4,3,2026-08-29T14:05:29,blind,8
c6319f5b1b77,4,2026-08-29T14:05:42,blind,8
2e7809e1bd72,3,2026-08-29T14:05:53,blind,8
59ebe005177d,4,2026-08-29T14:06:00,blind,8
17ff66bb0680,1,2026-08-29T14:06:05,blind,8
7a78a49ed2a1,2,2026-08-29T14:06:12,blind,8
dde7499a7376,3,2026-08-29T14:06:23,blind,8
dfb9fd720e91,2,2026-08-29T14:06:36,blind,8
559c1c91e05e,3,2026-08-29T14:06:43,blind,8
ef9e10495371,2,2026-08-29T14:06:52,blind,8
c6bb41ea8806,2,2026-08-29T14:07:02,blind,8
631a079f126c,3,2026-08-29T14:07:12,blind,8
81767a437caf,3,2026-08-29T14:07:23,blind,8
a82164c5060a,1,2026-08-29T14:07:31,blind,8
c2ea1a383bdf,2,2026-08-29T14:07:36,blind,8
bfcb960ba013,2,2026-08-29T14:08:38,blind,8
dfef14982c80,4,2026-08-29T14:08:47,blind,8
5c6aee733b8c,4,2026-08-29T14:09:00,blind,8
5d9e0e24d4eb,1,2026-08-29T14:09:15,blind,8
fa2636be1381,1,2026-08-29T14:09:21,blind,8
0a6be4bd5251,3,2026-08-29T14:09:31,blind,8
cc1f0cc51e5c,2,2026-08-29T14:09:51,blind,8
df37905c58c4,2,2026-08-29T14:10:15,blind,8
939c6ca21c03,3,2026-08-29T14:10:39,blind,8
871aa3cd4da6,3,2026-08-29T14:24:31,blind,9
764a4b476f01,3,2026-08-29T14:24:37,blind,9
8279e833f9fa,1,2026-08-29T14:24:50,blind,9
ff48261aac2c,4,2026-08-29T14:25:02,blind,9
8cb324e1c953,3,2026-08-29T14:25:13,blind,9
c302ae8cc8c2,1,2026-08-29T14:25:22,blind,9
a0e089d6cb19,2,2026-08-29T14:25:29,blind,9
1904f901b36f,3,2026-08-29T14:25:45,blind,9
e81c660c73fc,4,2026-08-29T14:25:58,blind,9
db2fbd299de6,1,2026-08-29T14:26:02,blind,9
239dc3b8a911,3,2026-08-29T14:26:16,blind,9
3b6b39cb9585,3,2026-08-29T14:26:26,blind,9
b3f27effa6f8,4,2026-08-29T14:26:37,blind,9
a3678c31addf,3,2026-08-29T14:26:49,blind,9
d070656184b1,4,2026-08-29T14:27:07,blind,9
56c6fa432ffa,1,2026-08-29T14:27:10,blind,9
d51c73c2a292,1,2026-08-29T14:27:18,blind,9
3738ee0ee331,1,2026-08-29T14:27:26,blind,9
b0dab8603e7b,3,2026-08-29T14:27:33,blind,9
5a3609b68017,2,2026-08-29T14:27:43,blind,9
e69ad936cf9f,2,2026-08-29T14:28:05,blind,9
d42987d703bd,2,2026-08-29T14:28:11,blind,9
8be72aca503f,3,2026-08-29T14:28:19,blind,9
13c0384f0543,1,2026-08-29T14:28:30,blind,9
0e0876072f08,1,2026-08-29T14:28:37,blind,9
347e162031db,2,2026-08-29T14:28:43,blind,9
bc6c2ff14d0d,1,2026-08-29T14:28:53,blind,9
e769fec0dfad,3,2026-08-29T14:29:01,blind,9
088baa036c14,1,2026-08-29T14:29:15,blind,9
f94304f699b9,1,2026-08-29T14:29:22,blind,9
39cfc2e4e977,3,2026-08-29T14:29:31,blind,9
76c7954e6bdc,1,2026-08-29T14:29:38,blind,9
5fee8fd4634b,3,2026-08-29T14:29:53,blind,9
c5d5cf9e8543,2,2026-08-29T14:29:57,blind,9
9295d3657744,2,2026-08-29T14:30:12,blind,9
a3dda6be2924,1,2026-08-29T14:30:32,blind,9
64653c179575,2,2026-08-29T14:30:43,blind,9
d841d9e1381e,1,2026-08-29T14:30:59,blind,9
2c5c13db5239,2,2026-08-29T14:31:29,blind,9
2a01476dbb26,1,2026-08-29T14:31:34,blind,9
0a5f19d17d8e,3,2026-08-29T14:31:43,blind,9
e2538bed99d7,2,2026-08-29T14:38:08,blind,9
59dbe8dca3a8,2,2026-08-30T14:29:06,blind,10
6ea39c40e5ef,2,2026-08-30T14:29:15,blind,10
9a1dcb0b7d45,1,2026-08-30T14:29:25,blind,10
a91feed42283,1,2026-08-30T14:29:30,blind,10
f735df44a7bd,3,2026-08-30T14:29:35,blind,10
921f104298ec,1,2026-08-30T14:29:46,blind,10
96b329f2cc2d,4,2026-08-30T14:29:53,blind,10
473adaf80b53,3,2026-08-30T14:30:04,blind,10
55bffd4ccf22,3,2026-08-30T14:30:08,blind,10
5f7c65595ad1,3,2026-08-30T14:30:21,blind,10
bdd8b385a28b,5,2026-08-30T14:30:27,blind,10
edb2f4591638,3,2026-08-30T14:30:35,blind,10
e9e50e995284,2,2026-08-30T14:30:41,blind,10
4efa6787fd0e,2,2026-08-30T14:30:59,blind,10
3751bc791e98,1,2026-08-30T14:31:03,blind,10
d99ac5af14c3,3,2026-08-30T14:31:16,blind,10
91ac150a9648,2,2026-08-30T14:31:23,blind,10
37a12cbd6d90,1,2026-08-30T14:31:30,blind,10
21fda0342295,4,2026-08-30T14:31:36,blind,10
05d2b39d3863,1,2026-08-30T14:31:48,blind,10
0d27ba638fef,2,2026-08-30T14:31:59,blind,10
e1c1fb0e105f,3,2026-08-30T14:32:10,blind,10
1b7ce4a4ee7d,5,2026-08-30T14:32:49,blind,10
59114fa6c0fc,3,2026-08-30T14:32:57,blind,10
9ae92fd8a3b8,3,2026-08-30T14:33:15,blind,10
c45f417771b3,4,2026-08-30T14:33:25,blind,10
2f502933d259,3,2026-08-30T14:33:31,blind,10
1c3e21f12027,4,2026-08-30T14:33:42,blind,10
af9965192482,2,2026-08-30T14:33:49,blind,10
84eaa525fc4a,2,2026-08-30T14:34:02,blind,10
f4286ef2726c,4,2026-08-30T14:34:10,blind,10
369754cd56e8,1,2026-08-30T14:34:21,blind,10
0b539fa3cdff,1,2026-08-30T14:34:33,blind,10
7964c9a38dad,2,2026-08-30T14:34:38,blind,10
53a0f4c027b4,3,2026-08-30T14:34:48,blind,10
ed8584dcddea,1,2026-08-30T14:34:55,blind,10
09568bd1ad50,1,2026-08-30T14:35:01,blind,10
8b0bbcdb8fee,3,2026-08-30T14:35:08,blind,10
89265c95c1c0,4,2026-08-30T14:35:20,blind,10
7192fd28c0d3,3,2026-08-30T14:35:28,blind,10
ed1e480de453,3,2026-08-30T14:35:33,blind,10
0cab6dac79c3,3,2026-08-30T14:35:43,blind,10
c2fcdaaffc6d,3,2026-08-30T14:35:53,blind,10
41e08a621711,2,2026-08-30T14:36:01,blind,10
0590e9e2cd8c,2,2026-08-30T14:36:15,blind,10
dad8cc5972b0,4,2026-08-30T14:36:32,blind,10
278fdc50dbfa,3,2026-08-30T14:36:40,blind,10
408fdd48dd43,1,2026-08-30T14:36:47,blind,10
4a01eaa718be,4,2026-08-30T14:36:55,blind,10
1693d9ec199a,2,2026-08-30T14:37:08,blind,10
d14e2eff4593,3,2026-08-30T14:37:11,blind,10
0b9a854a2979,2,2026-08-30T14:37:23,blind,10
2601f2765321,3,2026-08-30T14:37:31,blind,10
3460c48bddfc,2,2026-08-30T14:37:47,blind,10
4f296b691d45,3,2026-08-30T14:37:56,blind,10
d09575ee0d31,1,2026-08-30T14:38:02,blind,10
00c1350256d8,3,2026-08-30T14:38:08,blind,10
d2106ba7946d,3,2026-08-30T14:38:21,blind,10
bf27fc7285bf,2,2026-08-30T14:41:11,blind,11
315e2e270696,3,2026-08-30T14:41:34,blind,11
a06c93bb18f3,3,2026-08-30T14:41:44,blind,11
9c55e0b08c53,3,2026-08-30T14:41:56,blind,11
c1c2c3b61027,2,2026-08-30T14:42:07,blind,11
7afd143c3cb8,4,2026-08-30T14:42:15,blind,11
33db28d3ea43,3,2026-08-30T14:42:37,blind,11
8c67372ec780,3,2026-08-30T14:42:46,blind,11
5fc9b69512d2,3,2026-08-30T14:43:03,blind,11
6a76a83527b5,4,2026-08-30T14:43:10,blind,11
e42b751c49dc,5,2026-08-30T14:43:23,blind,11
a999c4b29ff5,2,2026-08-30T14:43:27,blind,11
9bae6583fd6f,3,2026-08-30T14:43:36,blind,11
830c1b9839ea,3,2026-08-30T14:43:42,blind,11
f2662a40c04f,2,2026-08-30T14:43:53,blind,11
8fca6a632589,4,2026-08-30T14:44:01,blind,11
28ca9161e0ce,2,2026-08-30T14:44:18,blind,11
78fe2837e62e,4,2026-08-30T14:44:25,blind,11
e92560fe9bf8,2,2026-08-30T14:44:37,blind,11
c9a0564a8aa6,3,2026-08-30T14:44:47,blind,11
2c828553a80a,2,2026-08-30T14:45:02,blind,11
067a0ce6e19f,5,2026-08-30T14:45:07,blind,11
85011abee769,2,2026-08-30T14:45:17,blind,11
8f770a70c379,2,2026-08-30T14:45:25,blind,11
5b00ba3e5fda,4,2026-08-30T14:45:29,blind,11
f104ae41e408,5,2026-08-30T14:45:40,blind,11
74ba136da5bb,4,2026-08-30T14:45:56,blind,11
9526c315036b,4,2026-08-30T14:46:04,blind,11
8145dbbe6fc1,4,2026-08-30T14:46:09,blind,11
96f6cc68d324,1,2026-08-30T14:46:13,blind,11
d0446de6684a,3,2026-08-30T14:46:19,blind,11
d426f566e7d0,2,2026-08-30T14:46:30,blind,11
f31d4e0a2501,2,2026-08-30T14:46:39,blind,11
9b0f579642e7,2,2026-08-30T14:46:51,blind,11
edaacdd1e6d5,4,2026-08-30T14:46:58,blind,11
791ddffca011,1,2026-08-30T14:47:10,blind,11
315a48f59e90,1,2026-08-30T14:47:24,blind,11
3cd5ab878ea2,1,2026-08-30T14:47:29,blind,11
e62effbb4dbf,3,2026-08-30T14:47:37,blind,11
cb5be9f1ebf5,4,2026-08-30T14:47:47,blind,11
0ec74fefafb7,3,2026-08-30T14:47:57,blind,11
7451210195a2,2,2026-08-30T14:48:05,blind,11
86370e90c906,3,2026-08-30T14:48:23,blind,11
1b2e8b89075e,1,2026-08-30T14:48:34,blind,11
e2c86f1e9a8a,2,2026-08-30T14:48:43,blind,11
d0869055259b,1,2026-08-30T14:48:49,blind,11
4e887ec8c93d,2,2026-08-30T14:48:59,blind,11
0204dcd6030d,1,2026-08-30T14:49:07,blind,11
7d342fa79cff,2,2026-08-30T14:49:17,blind,11
3dd81be7a0a9,1,2026-08-30T14:49:21,blind,11
0a9542429dc7,2,2026-08-30T14:49:27,blind,11
9812a9e515b7,2,2026-08-30T14:49:36,blind,11
c1eeefb85a8b,1,2026-08-30T14:49:43,blind,11
76e0c6d7e9a7,2,2026-08-30T14:49:49,blind,11
11928c2aefad,3,2026-08-30T14:50:08,blind,11
93dfb0a8d593,2,2026-08-30T14:50:22,blind,11
44d693466c98,5,2026-08-30T14:50:32,blind,11
5e8d38dfb587,1,2026-08-30T14:50:39,blind,11
bc99929de5dc,3,2026-08-30T14:50:45,blind,11
fce70281d269,3,2026-08-30T14:50:51,blind,11
3eed3feff473,3,2026-08-30T14:50:57,blind,11
476ccde506b0,2,2026-08-30T14:51:11,blind,11
2b058e133bac,1,2026-08-30T14:51:18,blind,11
11fa552942af,2,2026-08-30T14:51:39,blind,11
1a87c0e71693,3,2026-08-30T14:51:54,blind,11
00ec6f8e906d,1,2026-08-30T14:51:58,blind,11
cc82ed2e3335,2,2026-08-30T14:52:05,blind,11
865ef87cbf45,4,2026-08-30T14:52:14,blind,11
f367ae17fd86,2,2026-08-30T14:52:27,blind,11
18c31e8bb833,2,2026-08-30T14:52:36,blind,11
523e146a5f88,3,2026-08-30T14:52:41,blind,11
729b7c11c995,4,2026-08-30T14:53:12,blind,11
84d6dd8b5230,2,2026-08-30T14:53:16,blind,11
bfe8566d771b,3,2026-08-30T14:53:21,blind,11
1bb9612b52a8,3,2026-08-30T14:53:25,blind,11
3ae084cd9dc2,3,2026-08-30T14:53:30,blind,11
ebc09c48c7c6,2,2026-08-30T14:53:37,blind,11
3cc92e4cb65c,1,2026-08-30T14:53:41,blind,11
b473ab88abe9,3,2026-08-30T14:53:48,blind,11
309b1b814933,2,2026-08-30T14:53:53,blind,11
1ffeeb44fbf4,2,2026-08-30T14:53:58,blind,11
cad2b6eadad8,1,2026-08-30T14:54:02,blind,11
62b0dea4ed34,1,2026-08-30T14:54:13,blind,11
7a95fe6d0aeb,1,2026-08-30T14:54:23,blind,11
ad4a4f74b93b,4,2026-08-30T14:54:29,blind,11
7940c2431c2c,2,2026-08-30T14:54:32,blind,11
5021c8eb935b,3,2026-08-30T14:54:37,blind,11
1dd30efea19e,3,2026-08-30T14:54:44,blind,11
3d81d7b89f1e,3,2026-08-30T14:55:08,blind,11
5f471a1fa5f9,3,2026-08-30T14:55:13,blind,11
fa2c1b6f42b2,2,2026-08-30T14:55:22,blind,11
1fe0fdc2321b,4,2026-08-30T14:55:34,blind,11
a7a8b9c66349,2,2026-08-30T14:55:48,blind,11
4e018f1c7bc5,1,2026-08-30T14:55:53,blind,11
732ee3dd27e4,4,2026-08-30T14:55:58,blind,11
97f64d0bc8f4,4,2026-08-30T14:56:02,blind,11
c5fd9295ab6d,1,2026-08-30T14:56:06,blind,11
840ae3d584b9,4,2026-08-30T14:56:14,blind,11
b729d0f367fa,4,2026-08-30T14:56:23,blind,11
7a31bba05f69,3,2026-08-30T14:56:27,blind,11
cb1e855ba339,2,2026-08-30T14:58:27,blind,12
19d6f9054e10,1,2026-08-30T14:58:34,blind,12
5fff7f1ccf0e,5,2026-08-30T14:58:41,blind,12
ddd96cb8d442,5,2026-08-30T14:58:50,blind,12
33994062bb66,2,2026-08-30T14:58:55,blind,12
16d0c0ea61d6,1,2026-08-30T14:59:01,blind,12
615317b2d532,2,2026-08-30T14:59:05,blind,12
9a1e132dc331,2,2026-08-30T14:59:11,blind,12
3c91f560c059,2,2026-08-30T14:59:16,blind,12
160ed064f809,2,2026-08-30T14:59:23,blind,12
67ab2ee07862,3,2026-08-30T14:59:31,blind,12
a51d73ce3a84,2,2026-08-30T14:59:38,blind,12
8396282005f8,4,2026-08-30T14:59:43,blind,12
dc7766f71f56,2,2026-08-30T14:59:47,blind,12
da3c9973e0e9,5,2026-08-30T14:59:54,blind,12
b9d14fbd399c,5,2026-08-30T15:00:07,blind,12
14ad8169e88e,2,2026-08-30T15:00:12,blind,12
0a9bff40ded8,4,2026-08-30T15:00:18,blind,12
ce2ea05178fd,4,2026-08-30T15:00:28,blind,12
46e5ef732ca3,5,2026-08-30T15:00:38,blind,12
0fa9a5db3566,3,2026-08-30T15:00:43,blind,12
2066f4da7c0b,4,2026-08-30T15:00:49,blind,12
134a489f1ad7,4,2026-08-30T15:01:00,blind,12
05a6afe73b39,2,2026-08-30T15:01:16,blind,12
f4dea83234b8,5,2026-08-30T15:01:24,blind,12
05753564fd79,4,2026-08-30T15:01:34,blind,12
7236dde114b8,2,2026-08-30T15:01:46,blind,12
121542666645,4,2026-08-30T15:01:51,blind,12
ff691cd9fa2c,1,2026-08-30T15:01:57,blind,12
18719a57073b,4,2026-08-30T15:02:02,blind,12
d7461c59ee1d,3,2026-08-30T15:02:13,blind,12
149f2b97ba14,2,2026-08-30T15:02:21,blind,12
5dd4fbd2e1d1,3,2026-08-30T15:02:25,blind,12
4178ca1311e6,2,2026-08-30T15:02:28,blind,12
460f29d8a8fd,4,2026-08-30T15:02:32,blind,12
00279ee55887,5,2026-08-30T15:02:40,blind,12
af62a6f20994,5,2026-08-30T15:02:46,blind,12
6e4c67191044,5,2026-08-30T15:02:53,blind,12
a8cc435b859e,5,2026-08-30T15:03:00,blind,12
844bba951e48,3,2026-08-30T15:03:11,blind,12
e1ef76346ac9,2,2026-08-30T15:03:21,blind,12
b50d3e7742c0,2,2026-08-30T15:03:35,blind,12
edcde7ddaee4,4,2026-08-30T15:03:38,blind,12
df70c76da102,2,2026-08-30T15:03:43,blind,12
f4db408c5bb1,5,2026-08-30T15:03:49,blind,12
005cd0406e72,2,2026-08-30T15:03:56,blind,12
db4a42f80ca4,2,2026-08-30T15:04:04,blind,12
02ff57443f02,2,2026-08-30T15:04:11,blind,12
50a6e8c41af4,1,2026-08-30T15:04:14,blind,12
4e0946ed3200,3,2026-08-30T15:04:19,blind,12
f2c2a830d487,2,2026-08-30T15:04:29,blind,12
e3d171d5d2fd,2,2026-08-30T15:04:33,blind,12
4bddd6af6938,4,2026-08-30T15:04:39,blind,12
305e0c3b1f01,2,2026-08-30T15:04:47,blind,12
2ebadc619970,2,2026-08-30T15:05:00,blind,12
a0fd2e14e160,4,2026-08-30T15:05:13,blind,12
a28c10429c86,2,2026-08-30T15:05:15,blind,12
1af0e0cdef92,5,2026-08-30T15:05:23,blind,12
b8635d8b4d79,5,2026-08-30T15:05:34,blind,12
6d573c77e19a,4,2026-08-30T15:05:41,blind,12
d9284f635178,2,2026-08-30T15:05:46,blind,12
6cf3a7038373,3,2026-08-30T15:05:53,blind,12
5e1b66ee80c0,3,2026-08-30T15:05:59,blind,12
36c931d688ee,2,2026-08-30T15:06:05,blind,12
4606044fb4b3,3,2026-08-30T15:06:12,blind,12
8f7a34107be7,1,2026-08-30T15:06:16,blind,12
c9519fbf79bc,3,2026-08-30T15:06:22,blind,12
22f9b76d906a,3,2026-08-30T15:06:29,blind,12
59b603bee731,3,2026-08-30T15:06:40,blind,12
0402e82d903f,2,2026-08-30T15:06:48,blind,12
54f378abe207,2,2026-08-30T15:06:53,blind,12
ca0493f93ccb,2,2026-08-30T15:06:59,blind,12
cd017f83b30b,4,2026-08-30T15:07:06,blind,12
7572cab94a07,3,2026-08-30T15:07:09,blind,12
c5bbc1153955,3,2026-08-30T15:07:17,blind,12
dcd240f913e5,2,2026-08-30T15:07:24,blind,12
cb4eb8d42060,3,2026-08-30T15:07:31,blind,12
19317a127209,2,2026-08-30T15:07:38,blind,12
4633165ff45c,1,2026-08-30T15:07:52,blind,12
49587df5a56c,3,2026-08-30T15:07:58,blind,12
6d11f380f9b5,1,2026-08-30T15:08:02,blind,12
2f1bb3d90487,2,2026-08-30T15:08:06,blind,12
8752120da3df,1,2026-08-30T15:08:12,blind,12
acc96f4040af,1,2026-08-30T15:08:15,blind,12
5de40960b161,4,2026-08-30T15:08:23,blind,12
abb9a5ecd2fb,1,2026-08-30T15:08:25,blind,12
d2810e1a58b5,1,2026-08-30T15:08:31,blind,12
e85bc1c08ad5,2,2026-08-30T15:08:42,blind,12
00d7ccd481dc,4,2026-08-30T15:08:52,blind,12
1f40c2d0ab19,3,2026-08-30T15:09:02,blind,12
189b747bca3a,4,2026-08-30T15:09:09,blind,12
6550c74d6b0b,2,2026-08-30T15:09:14,blind,12
c90f8a8df04c,2,2026-08-30T15:09:23,blind,12
137b1be381be,3,2026-08-30T15:09:28,blind,12
709c76361dd2,3,2026-08-30T15:09:32,blind,12
e7c4d7d45bb2,3,2026-08-30T15:09:42,blind,12
656567af3766,3,2026-08-30T15:09:47,blind,12
300f1c402e4b,1,2026-08-30T15:09:54,blind,12
1a355781c366,1,2026-08-30T15:09:58,blind,12
9d680f47f511,3,2026-08-30T15:10:01,blind,12
6ecd6157d9cd,5,2026-08-30T15:18:58,blind,13
e4d8a32edc66,4,2026-08-30T15:19:19,blind,13
3de436ac7c19,2,2026-08-30T15:19:33,blind,13
b43c64700883,2,2026-08-30T15:19:41,blind,13
bd2d2ba5ca07,2,2026-08-30T15:19:49,blind,13
c622b33f76ea,1,2026-08-30T15:19:58,blind,13
5ce855e28074,1,2026-08-30T15:20:02,blind,13
1c62cc90331e,2,2026-08-30T15:20:10,blind,13
587591a2dfa6,2,2026-08-30T15:20:26,blind,13
a671a1f0d73d,3,2026-08-30T15:20:38,blind,13
f8a444f585ae,2,2026-08-30T15:20:48,blind,13
9a1ef849db0c,3,2026-08-30T15:20:54,blind,13
8aae65b2cccb,4,2026-08-30T15:21:03,blind,13
d069967b42ce,4,2026-08-30T15:21:10,blind,13
16b7f5f7e312,3,2026-08-30T15:21:17,blind,13
16fc8450643a,2,2026-08-30T15:21:23,blind,13
8aad568d77c5,2,2026-08-30T15:21:34,blind,13
3d75f26d03df,3,2026-08-30T15:21:44,blind,13
a1522b062ff6,2,2026-08-30T15:21:51,blind,13
11e9591dee53,1,2026-08-30T15:21:57,blind,13
75429f6a7fbf,3,2026-08-30T15:22:03,blind,13
9c24a617db4c,4,2026-08-30T15:22:07,blind,13
60b1a26cc499,2,2026-08-30T15:22:13,blind,13
c9e1aa6737c6,2,2026-08-30T15:22:19,blind,13
9a11209d0775,2,2026-08-30T15:22:25,blind,13
c7e6b804a8ac,2,2026-08-30T15:22:30,blind,13
cab15905fc50,3,2026-08-30T15:22:36,blind,13
e7b2ae42e3ea,4,2026-08-30T15:22:43,blind,13
ae392b0b5ac4,3,2026-08-30T15:22:49,blind,13
1394cb981926,4,2026-08-30T15:22:54,blind,13
d456c03f9a6e,1,2026-08-30T15:23:02,blind,13
48f006bf9cce,2,2026-08-30T15:23:07,blind,13
7414cbc831eb,2,2026-08-30T15:23:16,blind,13
77bcc3a27798,4,2026-08-30T15:23:24,blind,13
cad6832134ea,4,2026-08-30T15:23:30,blind,13
e1527b505d2e,4,2026-08-30T15:23:38,blind,13
4b58f311895c,1,2026-08-30T15:23:50,blind,13
52426092124b,2,2026-08-30T15:23:54,blind,13
fae065f3317a,1,2026-08-30T15:23:59,blind,13
9626d1b7de72,1,2026-08-30T15:24:01,blind,13
b2a5a6705e14,1,2026-08-30T15:24:08,blind,13
28055557563a,2,2026-08-30T15:24:12,blind,13
0101a7d20994,3,2026-08-30T15:24:20,blind,13
6602346936bf,3,2026-08-30T15:24:31,blind,13
f1dd462137a5,2,2026-08-30T15:24:47,blind,13
b89e1a84b9cf,1,2026-08-30T15:24:55,blind,13
c6099094efd4,2,2026-08-30T15:25:03,blind,13
376499fbccf1,3,2026-08-30T15:25:11,blind,13
0c1f1d699f12,3,2026-08-30T15:25:19,blind,13
8ab577ccd7d1,2,2026-08-30T15:25:28,blind,13
e15984a66027,1,2026-08-30T15:25:36,blind,13
706cd41cc97e,3,2026-08-30T15:25:41,blind,13
acd28c6e92c9,4,2026-08-30T15:25:48,blind,13
1107e53e8577,2,2026-08-30T15:25:53,blind,13
0aabd17548cc,3,2026-08-30T15:25:59,blind,13
926c0111a8b6,3,2026-08-30T15:26:06,blind,13
32d398ea7ebc,3,2026-08-30T15:26:10,blind,13
23a436337eff,3,2026-08-31T21:58:28,blind,14
40b7aabeb3e5,3,2026-08-31T21:58:54,blind,14
6ce2b6612073,5,2026-08-31T21:59:06,blind,14
4c0e58183bf7,2,2026-08-31T21:59:14,blind,14
06db5a7bb1a2,1,2026-08-31T21:59:27,blind,14
2586985db15b,4,2026-08-31T21:59:37,blind,14
dee4eb19bed2,4,2026-08-31T21:59:46,blind,14
1d3ee2d40563,3,2026-08-31T21:59:57,blind,14
3c9118d8f151,4,2026-08-31T22:00:10,blind,14
7d10b3b4f942,4,2026-08-31T22:00:27,blind,14
0e3cbf434167,3,2026-08-31T22:00:35,blind,14
810918114eb3,1,2026-08-31T22:00:49,blind,14
98e585b4e1b1,4,2026-08-31T22:01:01,blind,14
7c74d3c4a83b,5,2026-08-31T22:01:12,blind,14
39d6fe5fb6fe,1,2026-08-31T22:01:20,blind,14
aa9cd586c69a,4,2026-08-31T22:01:23,blind,14
1e43ce26a477,3,2026-08-31T22:01:33,blind,14
14bc21a2d391,3,2026-08-31T22:01:37,blind,14
066ff542c4df,2,2026-08-31T22:01:48,blind,14
d3200b558aad,5,2026-08-31T22:01:55,blind,14
9fdee23ec745,4,2026-08-31T22:02:08,blind,14
9d92d36ebf3b,4,2026-08-31T22:02:18,blind,14
1f08bd11dcd9,2,2026-08-31T22:02:29,blind,14
c78d06a7f6d5,5,2026-08-31T22:02:36,blind,14
47a8da741390,3,2026-08-31T22:02:43,blind,14
76d73fd3b1c6,3,2026-08-31T22:02:52,blind,14
9a08e9d7eb9f,3,2026-08-31T22:03:02,blind,14
24bc24006e84,1,2026-08-31T22:03:13,blind,14
fbfec2ce3d2c,5,2026-08-31T22:03:32,blind,14
ad6bfb8102ed,4,2026-08-31T22:03:46,blind,14
b13ee02ff9f4,3,2026-08-31T22:04:02,blind,14
cf5bf72d87f9,5,2026-08-31T22:04:16,blind,14
dff8be608a78,3,2026-08-31T22:04:19,blind,14
3bdfff994b2e,2,2026-08-31T22:04:26,blind,14
a9da953aedf7,3,2026-08-31T22:04:38,blind,14
f92fa55fdd8c,3,2026-08-31T22:04:49,blind,14
ba5676709d6b,2,2026-08-31T22:04:57,blind,14
cae58538ec49,1,2026-08-31T22:05:07,blind,14
10dd72293b4a,1,2026-08-31T22:05:11,blind,14
921775e49046,3,2026-08-31T22:05:31,blind,14
6602a83a36b3,2,2026-08-31T22:05:40,blind,14
8053d5c013bd,2,2026-08-31T22:05:48,blind,14
5871db77184c,3,2026-08-31T22:05:52,blind,14
bebf7ae02788,5,2026-08-31T22:05:56,blind,14
1c7248544d67,4,2026-08-31T22:06:15,blind,14
85f48c3a542c,3,2026-08-31T22:06:39,blind,14
a290b7fbb999,1,2026-08-31T22:06:47,blind,14
52a6d7a3965f,3,2026-08-31T22:06:57,blind,14
eabcbf52806f,3,2026-08-31T22:07:04,blind,14
b6c6d24d346c,5,2026-08-31T22:08:07,blind,14
c69a25e0d70f,1,2026-08-31T22:08:11,blind,14
2fd97ee6fe05,3,2026-08-31T22:08:15,blind,14
708cb2259961,3,2026-08-31T22:08:21,blind,14
8f14f9531156,4,2026-08-31T22:08:24,blind,14
ec32b99b03ee,3,2026-08-31T22:08:42,blind,14
61c864bf4ade,5,2026-08-31T22:08:48,blind,14
0ffdbff06a5d,2,2026-08-31T22:08:52,blind,14
b3b2a9f07616,4,2026-08-31T22:09:01,blind,14
91cc30122fe0,1,2026-08-31T22:09:13,blind,14
3d44cd21d1a8,1,2026-08-31T22:09:29,blind,14
