item_id,split,assigned_at
4dd04d110348,train,2026-08-26T16:53:07
4b949653f5ff,train,2026-08-26T16:53:07
0f327c4ba48c,train,2026-08-26T16:53:07
b774537341a2,train,2026-08-26T16:53:07
996d6478f372,train,2026-08-26T16:53:07
f9cd8fb7fc19,train,2026-08-26T16:53:07
1f4de09e8a6d,train,2026-08-26T16:53:07
a7e4f881f499,train,2026-08-26T16:53:07
83d0a0cd3665,train,2026-08-26T16:53:07
a0fa21faf73f,train,2026-08-26T16:53:07
48efbc64eb54,train,2026-08-26T16:53:07
01bf28548e15,train,2026-08-26T16:53:07
95298b338c53,train,2026-08-26T16:53:07
a11db7bce738,train,2026-08-26T16:53:07
dc3bb832802a,train,2026-08-26T16:53:07
4b346577077d,train,2026-08-26T16:53:07
035e0c2cffbb,train,2026-08-26T16:53:07
5b3118ee3a41,train,2026-08-26T16:53:07
def38efe48fc,train,2026-08-26T16:53:07
e6f442f645d9,train,2026-08-26T16:53:07
2e98308cba75,train,2026-08-26T16:53:07
a1759eebfffc,train,2026-08-26T16:53:07
2c946c44b368,train,2026-08-26T16:53:07
951f1e3f1ec0,train,2026-08-26T16:53:07
18475932ae4f,train,2026-08-26T16:53:07
199d426081a4,train,2026-08-26T16:53:07
fa50662d76e9,train,2026-08-26T16:53:07
60c5324404d9,train,2026-08-26T16:53:07
d20aaed7b3a5,train,2026-08-26T16:53:07
3743774a9f2f,train,2026-08-26T16:53:07
357e200293fe,train,2026-08-26T16:53:07
ad49864f7ba4,train,2026-08-26T16:53:07
110a5504f50d,train,2026-08-26T16:53:07
ee04cee0b34e,train,2026-08-26T16:53:07
a89d3a9a72f2,train,2026-08-26T16:53:07
feca50b053bb,train,2026-08-26T16:53:07
a0534e798bd0,train,2026-08-26T16:53:07
72fc72fcb3c7,train,2026-08-26T16:53:07
1b234536219a,train,2026-08-26T16:53:07
9f562b3ddfb0,train,2026-08-26T16:53:07
33b34af5f912,train,2026-08-26T16:53:07
df7466c33d21,train,2026-08-26T16:53:07
9925fa00c4ac,train,2026-08-26T16:53:07
cf4954e27ddb,train,2026-08-26T16:53:07
820452acef00,train,2026-08-26T16:53:07
af811c68ed86,train,2026-08-26T16:53:07
212aa32c2a04,train,2026-08-26T16:53:07
f39512f3e885,train,2026-08-26T16:53:07
160785a46210,train,2026-08-26T16:53:07
a0dd2e73e4bc,train,2026-08-26T16:53:07
9c4e240691e6,train,2026-08-26T16:53:07
ce73d57dadaa,train,2026-08-26T16:53:07
10644b7c2dec,train,2026-08-26T16:53:07
141f587713e2,train,2026-08-26T16:53:07
9f91bbc23b2d,train,2026-08-26T16:53:07
0ba40f74f69b,train,2026-08-26T16:53:07
e627463517de,train,2026-08-26T16:53:07
3d090dda78ec,val,2026-08-26T16:53:07
6edbce104bf7,val,2026-08-26T16:53:07
d55e6977024a,val,2026-08-26T16:53:07
3b903ab7645a,val,2026-08-26T16:53:07
d4e9ab9e2ab8,val,2026-08-26T16:53:07
cb1a3c845d6e,val,2026-08-26T16:53:07
fb8e528e378a,val,2026-08-26T16:53:07
3867ee8e8bd5,val,2026-08-26T16:53:07
e12c114934b5,val,2026-08-26T16:53:07
92b19c625436,val,2026-08-26T16:53:07
8066ff5d55d7,val,2026-08-26T16:53:07
dc0e7adf159e,val,2026-08-26T16:53:07
cbd9fa9e9daf,val,2026-08-26T16:53:07
a71a56e2004f,val,2026-08-26T16:53:07
c3cb892e1d9d,val,2026-08-26T16:53:07
721ab1389649,val,2026-08-26T16:53:07
7fd2d6767575,val,2026-08-26T16:53:07
a37852e9c011,val,2026-08-26T16:53:07
bd803d140844,val,2026-08-26T16:53:07
c6978bb757f1,val,2026-08-26T16:53:07
fcba61b30446,test,2026-08-26T16:53:07
e4bbd2e53d63,test,2026-08-26T16:53:07
646598783b7d,test,2026-08-26T16:53:07
449a1fece84b,test,2026-08-26T16:53:07
25bdd09075e0,test,2026-08-26T16:53:07
bb9d18007856,test,2026-08-26T16:53:07
54aa64b688e6,test,2026-08-26T16:53:07
e01231f1bb7a,test,2026-08-26T16:53:07
e96fd792bbc6,test,2026-08-26T16:53:07
5f30a9c7044d,test,2026-08-26T16:53:07
21b01dd239cc,test,2026-08-26T16:53:07
a5f31d6f9384,test,2026-08-26T16:53:07
69dc74593de4,test,2026-08-26T16:53:07
7b99f81bfd84,test,2026-08-26T16:53:07
0a2937e226a8,test,2026-08-26T16:53:07
f694d6c6bd56,test,2026-08-26T16:53:07
2b003a4b3883,test,2026-08-26T16:53:07
316a2626d8f2,test,2026-08-26T16:53:07
222c2fb190fd,test,2026-08-26T16:53:07
99c63b21998c,test,2026-08-26T16:53:07
cf00c9f48a15,train,2026-08-26T16:53:07
ac71bad84133,train,2026-08-26T16:53:07
a7cc76c95606,train,2026-08-26T16:53:07
41e08a621711,train,2026-08-26T16:53:07
f11c987bee18,train,2026-08-26T16:53:07
b725a74ec392,train,2026-08-26T16:53:07
f04900e2606e,train,2026-08-26T16:53:07
9526c315036b,train,2026-08-26T16:53:07
c41a17c5012f,train,2026-08-26T16:53:07
1e0962cb7430,train,2026-08-26T16:53:07
78cf3f82f9e1,train,2026-08-26T16:53:07
0329dd020b62,train,2026-08-26T16:53:07
745199f5327a,train,2026-08-26T16:53:07
a8e63f7c9443,train,2026-08-26T16:53:07
aa22b69baa0e,train,2026-08-26T16:53:07
56c6fa432ffa,train,2026-08-26T16:53:07
823c77eb0a06,train,2026-08-26T16:53:07
564e35b3a0a9,train,2026-08-26T16:53:07
ef37705485a7,train,2026-08-26T16:53:07
9b10a1490d47,train,2026-08-26T16:53:07
34f67998e0df,train,2026-08-26T16:53:07
2a6a1a088dac,train,2026-08-26T16:53:07
74a73a20a9e2,train,2026-08-26T16:53:07
bc908084bb8f,train,2026-08-26T16:53:07
cdbdfda616b8,train,2026-08-26T16:53:07
7d10b3b4f942,train,2026-08-26T16:53:07
6f5cf6e298d3,train,2026-08-26T16:53:07
0402e82d903f,train,2026-08-26T16:53:07
9fdee23ec745,train,2026-08-26T16:53:07
cd84be09102f,train,2026-08-26T16:53:07
cf278a78e5fe,train,2026-08-26T16:53:07
cc307f3431cc,train,2026-08-26T16:53:07
efc04ce0ab40,train,2026-08-26T16:53:07
f1b38d604855,train,2026-08-26T16:53:07
23f3290d9196,train,2026-08-26T16:53:07
87ec05f8b67f,train,2026-08-26T16:53:07
e1c1fb0e105f,train,2026-08-26T16:53:07
6f1f5c0ca1c1,train,2026-08-26T16:53:07
6e4c67191044,train,2026-08-26T16:53:07
9a6cac59586a,train,2026-08-26T16:53:07
a5963f9e083c,train,2026-08-26T16:53:07
9ce7955cb1e9,train,2026-08-26T16:53:07
50cd7bdff691,train,2026-08-26T16:53:07
6ffa2dde7ad1,train,2026-08-26T16:53:07
8767f6c2f348,train,2026-08-26T16:53:07
1693d9ec199a,train,2026-08-26T16:53:07
4c5ff3faea94,train,2026-08-26T16:53:07
1232eeb0fee6,train,2026-08-26T16:53:07
2e7809e1bd72,train,2026-08-26T16:53:07
e42b751c49dc,train,2026-08-26T16:53:07
d2810e1a58b5,train,2026-08-26T16:53:07
da3c9973e0e9,train,2026-08-26T16:53:07
6905042ffa83,train,2026-08-26T16:53:07
79186902e44d,train,2026-08-26T16:53:07
2c5c13db5239,train,2026-08-26T16:53:07
9399af296c81,train,2026-08-26T16:53:07
e6c4e42ca7e0,train,2026-08-26T16:53:07
865ef87cbf45,train,2026-08-26T16:53:07
a3fd14cfe32b,train,2026-08-26T16:53:07
71d688e86dad,train,2026-08-26T16:53:07
b9bc63079f8d,train,2026-08-26T16:53:07
359a8939a1a8,train,2026-08-26T16:53:07
3811f5a30844,train,2026-08-26T16:53:07
a930b6f1e2f2,train,2026-08-26T16:53:07
67b72f71bd1e,train,2026-08-26T16:53:07
f60164f9a9fb,train,2026-08-26T16:53:07
a18fa74a5ba7,train,2026-08-26T16:53:07
07ee914b446e,train,2026-08-26T16:53:07
81b4046044bd,train,2026-08-26T16:53:07
709c76361dd2,train,2026-08-26T16:53:07
72d0032fef14,train,2026-08-26T16:53:07
aec0c733dfc6,train,2026-08-26T16:53:07
0ac834ff4f36,train,2026-08-26T16:53:07
86ed31935e9c,train,2026-08-26T16:53:07
7a31bba05f69,train,2026-08-26T16:53:07
5088d6715282,train,2026-08-26T16:53:07
b41a1a042142,train,2026-08-26T16:53:07
9449b26394b4,train,2026-08-26T16:53:07
c78d06a7f6d5,train,2026-08-26T16:53:07
d3cf2894d5c7,train,2026-08-26T16:53:07
de041f5740ff,train,2026-08-26T16:53:07
8c32aa40dc8c,train,2026-08-26T16:53:07
ec4790d089a4,train,2026-08-26T16:53:07
beb434cbc3ef,train,2026-08-26T16:53:07
9204dd30a2c7,train,2026-08-26T16:53:07
080c6f54d45e,train,2026-08-26T16:53:07
a1c51bb19bb9,train,2026-08-26T16:53:07
0204dcd6030d,train,2026-08-26T16:53:07
fb9d199ff58a,train,2026-08-26T16:53:07
3777c8726b8b,train,2026-08-26T16:53:07
6cd05fc63d56,train,2026-08-26T16:53:07
64bcf6c04ac0,train,2026-08-26T16:53:07
40b7aabeb3e5,train,2026-08-26T16:53:07
ebdb2bbcb74a,train,2026-08-26T16:53:07
89af2e24680c,train,2026-08-26T16:53:07
f2c2a830d487,train,2026-08-26T16:53:07
0cca14d7e1c4,train,2026-08-26T16:53:07
9b07dec16bd7,train,2026-08-26T16:53:07
6d11f380f9b5,train,2026-08-26T16:53:07
1ec37feab181,train,2026-08-26T16:53:07
448f20befe2a,train,2026-08-26T16:53:07
6c4a4b7e6ef8,train,2026-08-26T16:53:07
54f378abe207,train,2026-08-26T16:53:07
0a44b737abf8,train,2026-08-26T16:53:07
6e0cc8373923,train,2026-08-26T16:53:07
5c38d6fbef84,train,2026-08-26T16:53:07
d14e2eff4593,train,2026-08-26T16:53:07
6070ce5c7f37,train,2026-08-26T16:53:07
e8ab2dde602b,train,2026-08-26T16:53:07
e50c8bae71e6,train,2026-08-26T16:53:07
10dd72293b4a,train,2026-08-26T16:53:07
a87af4329115,train,2026-08-26T16:53:07
09309e9bda91,train,2026-08-26T16:53:07
fb3d93aacfe2,train,2026-08-26T16:53:07
53889ff4afec,train,2026-08-26T16:53:07
26a14feb8f60,train,2026-08-26T16:53:07
66ee13f20583,train,2026-08-26T16:53:07
a6f7095dde5d,train,2026-08-26T16:53:07
9c463925f869,train,2026-08-26T16:53:07
bf3831ea6719,train,2026-08-26T16:53:07
2344cee446e3,train,2026-08-26T16:53:07
50a6e8c41af4,train,2026-08-26T16:53:07
56fdf297cfb4,train,2026-08-26T16:53:07
25ea447fbb4f,train,2026-08-26T16:53:07
e2f14c9ce81a,train,2026-08-26T16:53:07
559c1c91e05e,train,2026-08-26T16:53:07
270d88a490a6,train,2026-08-26T16:53:07
708cb2259961,train,2026-08-26T16:53:07
4e9f3eeeaca2,train,2026-08-26T16:53:07
55cfc812797c,train,2026-08-26T16:53:07
8b0a29d78278,train,2026-08-26T16:53:07
d8ab2b730192,train,2026-08-26T16:53:07
47f10b2af022,train,2026-08-26T16:53:07
7cedb9c4539e,train,2026-08-26T16:53:07
f49f1cbb301f,train,2026-08-26T16:53:07
7e79527bef50,train,2026-08-26T16:53:07
29adce8b8dac,train,2026-08-26T16:53:07
f2662a40c04f,train,2026-08-26T16:53:07
ae19b0713c97,train,2026-08-26T16:53:07
bce1cbf2e177,train,2026-08-26T16:53:07
8f14f9531156,train,2026-08-26T16:53:07
a1dc8c1c9b4e,train,2026-08-26T16:53:07
0a98158dcc69,train,2026-08-26T16:53:07
a916452b8f69,train,2026-08-26T16:53:07
91cc30122fe0,train,2026-08-26T16:53:07
e92560fe9bf8,train,2026-08-26T16:53:07
c9780d69eb7b,train,2026-08-26T16:53:07
59c359998cbb,train,2026-08-26T16:53:07
ee6442425dae,train,2026-08-26T16:53:07
4bee43cd48f5,train,2026-08-26T16:53:07
f91f2ed609f3,train,2026-08-26T16:53:07
7470f626e588,train,2026-08-26T16:53:07
f1212c294ac3,train,2026-08-26T16:53:07
9615c8559f02,train,2026-08-26T16:53:07
19317a127209,train,2026-08-26T16:53:07
62b061d264da,train,2026-08-26T16:53:07
db6b233df94f,train,2026-08-26T16:53:07
a891ee8df409,train,2026-08-26T16:53:07
c022bed28ac4,train,2026-08-26T16:53:07
4a97e313e9ce,train,2026-08-26T16:53:07
c8188ad55be0,train,2026-08-26T16:53:07
25e14d5e6b19,train,2026-08-26T16:53:07
70803cf83c0a,train,2026-08-26T16:53:07
55abc016bf41,train,2026-08-26T16:53:07
b4eabb758682,train,2026-08-26T16:53:07
5e18d90745c8,train,2026-08-26T16:53:07
5a7352d2ecf9,train,2026-08-26T16:53:07
e6f8001c0a0f,train,2026-08-26T16:53:07
0311a17ab91d,train,2026-08-26T16:53:07
01581641a48e,train,2026-08-26T16:53:07
027eba1e8185,train,2026-08-26T16:53:07
066ff542c4df,train,2026-08-26T16:53:07
fab7e740822d,train,2026-08-26T16:53:07
1a7714f39a9a,train,2026-08-26T16:53:07
d51c73c2a292,train,2026-08-26T16:53:07
bfd30f49ee15,train,2026-08-26T16:53:07
b6c6d24d346c,train,2026-08-26T16:53:07
edcde7ddaee4,train,2026-08-26T16:53:07
43a9ff6ee766,train,2026-08-26T16:53:07
70d57eb6a046,train,2026-08-26T16:53:07
0ffdbff06a5d,train,2026-08-26T16:53:07
b473ab88abe9,train,2026-08-26T16:53:07
cd017f83b30b,train,2026-08-26T16:53:07
cb5be9f1ebf5,train,2026-08-26T16:53:07
5a12596abf82,train,2026-08-26T16:53:07
e5bd4be804e1,train,2026-08-26T16:53:07
dad8cc5972b0,train,2026-08-26T16:53:07
9e9c10836f3e,train,2026-08-26T16:53:07
5d13cff7e462,train,2026-08-26T16:53:07
dac94bc01d3f,train,2026-08-26T16:53:07
6b9e4fa5a058,train,2026-08-26T16:53:07
bcadee38aaed,train,2026-08-26T16:53:07
82f0ab8dfa63,train,2026-08-26T16:53:07
dae28ed039d8,train,2026-08-26T16:53:07
b93248abb198,train,2026-08-26T16:53:07
39cfc2e4e977,train,2026-08-26T16:53:07
c4feed3cca91,train,2026-08-26T16:53:07
9d680f47f511,train,2026-08-26T16:53:07
9b0f579642e7,train,2026-08-26T16:53:07
312a3d277dd4,train,2026-08-26T16:53:07
60e77ea1aa3a,train,2026-08-26T16:53:07
a91feed42283,train,2026-08-26T16:53:07
b4c4db74922f,train,2026-08-26T16:53:07
31fded6730f7,train,2026-08-26T16:53:07
c1db21f4e453,train,2026-08-26T16:53:07
5087f2b77257,train,2026-08-26T16:53:07
6292f45ad574,train,2026-08-26T16:53:07
cdb59825ad47,train,2026-08-26T16:53:07
74587d0757d0,train,2026-08-26T16:53:07
7d342fa79cff,train,2026-08-26T16:53:07
d4cb9cdcf1d7,train,2026-08-26T16:53:07
eb65c94cf056,train,2026-08-26T16:53:07
4ffec24d5834,train,2026-08-26T16:53:07
a82164c5060a,train,2026-08-26T16:53:07
ff691cd9fa2c,train,2026-08-26T16:53:07
2519be9b26a8,train,2026-08-26T16:53:07
e5f22b841d70,train,2026-08-26T16:53:07
efdaa5f28225,train,2026-08-26T16:53:07
e149fca40d4a,train,2026-08-26T16:53:07
03c6bfdd72eb,train,2026-08-26T16:53:07
420000363f24,train,2026-08-26T16:53:07
d9919d63c7d2,train,2026-08-26T16:53:07
bab62cb0775b,train,2026-08-26T16:53:07
addb7234f97f,train,2026-08-26T16:53:07
8037cb75d01b,train,2026-08-26T16:53:07
fdffa350004b,train,2026-08-26T16:53:07
4ce9aa9994bc,train,2026-08-26T16:53:07
0de813531593,train,2026-08-26T16:53:07
da991f9352e4,train,2026-08-26T16:53:07
d678e06b42ed,train,2026-08-26T16:53:07
6666ce4a2e57,train,2026-08-26T16:53:07
a9a59de53b97,train,2026-08-26T16:53:07
43490b3819d1,train,2026-08-26T16:53:07
12072abb12b0,train,2026-08-26T16:53:07
62b0dea4ed34,train,2026-08-26T16:53:07
8053d5c013bd,train,2026-08-26T16:53:07
29631fc5ac9a,train,2026-08-26T16:53:07
786d3a7f4331,train,2026-08-26T16:53:07
1e0ec1232164,train,2026-08-26T16:53:07
c299477dd13c,train,2026-08-26T16:53:07
d67343f54b03,train,2026-08-26T16:53:07
59b61534425c,train,2026-08-26T16:53:07
da25c2b1e65e,train,2026-08-26T16:53:07
19f408828e6f,train,2026-08-26T16:53:07
5d2b28ecc673,train,2026-08-26T16:53:07
0b1f59ac7328,train,2026-08-26T16:53:07
5bb61eb2e239,train,2026-08-26T16:53:07
9ffe38530ab2,train,2026-08-26T16:53:07
8bd553918bbd,train,2026-08-26T16:53:07
63dbbfe8fce6,train,2026-08-26T16:53:07
2b1618415654,train,2026-08-26T16:53:07
e8037bb0c143,train,2026-08-26T16:53:07
a062712cf8cb,train,2026-08-26T16:53:07
a3e3d2cd06fb,train,2026-08-26T16:53:07
56002fda781e,train,2026-08-26T16:53:07
c2fcdaaffc6d,train,2026-08-26T16:53:07
86efa4346b09,train,2026-08-26T16:53:07
d80d74d3316d,train,2026-08-26T16:53:07
91a4018abd50,train,2026-08-26T16:53:07
209669b9a9b0,train,2026-08-26T16:53:07
ed1e480de453,train,2026-08-26T16:53:07
6100413b3358,train,2026-08-26T16:53:07
c5f758fbae5e,train,2026-08-26T16:53:07
1b9e5936bba9,train,2026-08-26T16:53:07
6a76a83527b5,train,2026-08-26T16:53:07
d311b299d2f8,train,2026-08-26T16:53:07
ef59a05bc992,train,2026-08-26T16:53:07
4c0e58183bf7,train,2026-08-26T16:53:07
a1274ff2679b,train,2026-08-26T16:53:07
bc6c2ff14d0d,train,2026-08-26T16:53:07
38436c66fa34,train,2026-08-26T16:53:07
921f104298ec,train,2026-08-26T16:53:07
463a5f0d4e43,train,2026-08-26T16:53:07
479ebff75635,train,2026-08-26T16:53:07
2b058e133bac,train,2026-08-26T16:53:07
76da6a06f14a,train,2026-08-26T16:53:07
a057edb7cde8,train,2026-08-26T16:53:07
28ca9161e0ce,train,2026-08-26T16:53:07
e1b169b68cec,train,2026-08-26T16:53:07
14ad8169e88e,train,2026-08-26T16:53:07
d070656184b1,train,2026-08-26T16:53:07
1dd30efea19e,train,2026-08-26T16:53:07
a00ff0bf0c9b,train,2026-08-26T16:53:07
5b96d0e0972c,train,2026-08-26T16:53:07
36ce2c524b55,train,2026-08-26T16:53:07
d42987d703bd,train,2026-08-26T16:53:07
d797b8b3a4b6,train,2026-08-26T16:53:07
eabcbf52806f,train,2026-08-26T16:53:07
92a04c0fa60e,train,2026-08-26T16:53:07
e443a64ce486,train,2026-08-26T16:53:07
7765a1c39bdc,train,2026-08-26T16:53:07
5f2db1cc368b,train,2026-08-26T16:53:07
3c1e6fe6cb32,train,2026-08-26T16:53:07
a01dea45e6cb,train,2026-08-26T16:53:07
7ce2e90bf7d8,train,2026-08-26T16:53:07
5fba3a424b31,train,2026-08-26T16:53:07
ba144060b77e,train,2026-08-26T16:53:07
e61429360e25,train,2026-08-26T16:53:07
7c4269321b09,train,2026-08-26T16:53:07
9856b77c37b6,train,2026-08-26T16:53:07
995022dd45c5,train,2026-08-26T16:53:07
90213556d7ca,train,2026-08-26T16:53:07
39c79909ef48,train,2026-08-26T16:53:07
cae58538ec49,train,2026-08-26T16:53:07
ed8c1d72b709,train,2026-08-26T16:53:07
687d1771a082,train,2026-08-26T16:53:07
7f726ce004b0,train,2026-08-26T16:53:07
c4e8b6c274f0,train,2026-08-26T16:53:07
71593abc0424,train,2026-08-26T16:53:07
816b2e0341bf,train,2026-08-26T16:53:07
46e16ea70243,train,2026-08-26T16:53:07
53d30d98b164,train,2026-08-26T16:53:07
a57e7a7a0f1a,train,2026-08-26T16:53:07
130fddf55d13,train,2026-08-26T16:53:07
b856262d1f5b,train,2026-08-26T16:53:07
e257e7ae5d45,train,2026-08-26T16:53:07
ce0ceb508746,train,2026-08-26T16:53:07
bb704936ff41,train,2026-08-26T16:53:07
2f8b9ed95325,train,2026-08-26T16:53:07
cc1f0cc51e5c,train,2026-08-26T16:53:07
cc383aeecec1,train,2026-08-26T16:53:07
5327a68bc473,train,2026-08-26T16:53:07
8f67850b2a64,train,2026-08-26T16:53:07
74ba136da5bb,train,2026-08-26T16:53:07
fa2636be1381,train,2026-08-26T16:53:07
eb0f22050293,train,2026-08-26T16:53:07
59b9287ff464,train,2026-08-26T16:53:07
ef9e10495371,train,2026-08-26T16:53:07
347e162031db,train,2026-08-26T16:53:07
2594ba4d7e67,train,2026-08-26T16:53:07
c3a65086c3c6,train,2026-08-26T16:53:07
2d69fa7822aa,train,2026-08-26T16:53:07
3a608fc54931,train,2026-08-26T16:53:07
ba395ac49a8a,train,2026-08-26T16:53:07
533694213867,train,2026-08-26T16:53:07
85121ecd5408,train,2026-08-26T16:53:07
9cdf89d56769,train,2026-08-26T16:53:07
6625b0b815b7,train,2026-08-26T16:53:07
9989562e04fb,train,2026-08-26T16:53:07
4cb9c7a12b6c,train,2026-08-26T16:53:07
6070f2258c34,train,2026-08-26T16:53:07
b8635d8b4d79,train,2026-08-26T16:53:07
e28afe43f745,train,2026-08-26T16:53:07
216043257b72,train,2026-08-26T16:53:07
c59396b1a4bd,train,2026-08-26T16:53:07
806403cb817e,train,2026-08-26T16:53:07
7dc829bb1f82,train,2026-08-26T16:53:07
cc2eb2bbbb8b,train,2026-08-26T16:53:07
d53c4037ea3f,train,2026-08-26T16:53:07
810918114eb3,train,2026-08-26T16:53:07
b9895c7b8d93,train,2026-08-26T16:53:07
ce7007c9fd8e,train,2026-08-26T16:53:07
99bcb2b80ce8,train,2026-08-26T16:53:07
939c6ca21c03,train,2026-08-26T16:53:07
ab2975d435f7,train,2026-08-26T16:53:07
f6a3f7b03870,train,2026-08-26T16:53:07
9ed20680e5e0,train,2026-08-26T16:53:07
404702c1f406,train,2026-08-26T16:53:07
929c1b06fec4,train,2026-08-26T16:53:07
20d4f0a53b17,train,2026-08-26T16:53:07
22aab9833534,train,2026-08-26T16:53:07
61fbf32760b4,train,2026-08-26T16:53:07
02ec739a7ffc,train,2026-08-26T16:53:07
91ac150a9648,train,2026-08-26T16:53:07
1f6b8c7467ac,train,2026-08-26T16:53:07
8d495d4ef33b,train,2026-08-26T16:53:07
72ba67e2741e,train,2026-08-26T16:53:07
5b32a60b3d7e,train,2026-08-26T16:53:07
d56993809653,train,2026-08-26T16:53:07
5a3d11e71ab3,train,2026-08-26T16:53:07
7de887cecfe7,train,2026-08-26T16:53:07
cec6120e88d9,train,2026-08-26T16:53:07
22133ab37eef,train,2026-08-26T16:53:07
2eeb4a1df7c9,train,2026-08-26T16:53:07
489438f8efe4,train,2026-08-26T16:53:07
7672e70236a9,train,2026-08-26T16:53:07
cb72d7b63b6c,train,2026-08-26T16:53:07
b6437e00aef7,train,2026-08-26T16:53:07
59ebe005177d,train,2026-08-26T16:53:07
9576d02252be,train,2026-08-26T16:53:07
2ac71f08f277,train,2026-08-26T16:53:07
016049564c11,train,2026-08-26T16:53:07
55de89c7373a,train,2026-08-26T16:53:07
840ae3d584b9,train,2026-08-26T16:53:07
362df37bd2a7,train,2026-08-26T16:53:07
4f1da1ee3848,train,2026-08-26T16:53:07
6f341f8bbcc3,train,2026-08-26T16:53:07
37b495c68d4b,train,2026-08-26T16:53:07
96950c7e4fee,train,2026-08-26T16:53:07
ada52289a5a0,train,2026-08-26T16:53:07
97fd1ad747e4,train,2026-08-26T16:53:07
a51d73ce3a84,train,2026-08-26T16:53:07
de03f6204b4c,train,2026-08-26T16:53:07
11928c2aefad,train,2026-08-26T16:53:07
247c4cf2bd88,train,2026-08-26T16:53:07
05a6afe73b39,train,2026-08-26T16:53:07
204e2ade8bf5,train,2026-08-26T16:53:07
02f4c650bd28,train,2026-08-26T16:53:07
25075b07a0cb,train,2026-08-26T16:53:07
a498595913af,train,2026-08-26T16:53:07
06d3edae1c11,train,2026-08-26T16:53:07
dcd4f0b36e27,train,2026-08-26T16:53:07
33b73f5dfa03,train,2026-08-26T16:53:07
73650898dc5f,train,2026-08-26T16:53:07
6d995ebca6bf,train,2026-08-26T16:53:07
deaf4d2f5972,train,2026-08-26T16:53:07
209f734e85dc,train,2026-08-26T16:53:07
d5f3521e400d,train,2026-08-26T16:53:07
aebc85d36e58,train,2026-08-26T16:53:07
e6858aed979e,train,2026-08-26T16:53:07
3153fededb1e,train,2026-08-26T16:53:07
5df1f54221b8,train,2026-08-26T16:53:07
b7e464312404,train,2026-08-26T16:53:07
713188e22d9b,train,2026-08-26T16:53:07
06db5a7bb1a2,train,2026-08-26T16:53:07
140da47bba9b,train,2026-08-26T16:53:07
9a08e9d7eb9f,train,2026-08-26T16:53:07
f07992b31a86,train,2026-08-26T16:53:07
837de1c68355,train,2026-08-26T16:53:07
a7b50b7ea1dc,train,2026-08-26T16:53:07
0ea2ea764cdb,train,2026-08-26T16:53:07
2066f4da7c0b,train,2026-08-26T16:53:07
76b2315c91a9,train,2026-08-26T16:53:07
76c7954e6bdc,train,2026-08-26T16:53:07
eba51d379a68,train,2026-08-26T16:53:07
4b0f7927273e,train,2026-08-26T16:53:07
bcbdefae1e70,train,2026-08-26T16:53:07
f9a05ec4c18a,train,2026-08-26T16:53:07
96b99904fdec,train,2026-08-26T16:53:07
5503719a03a8,train,2026-08-26T16:53:07
bc817d5d85dc,train,2026-08-26T16:53:07
0cab6dac79c3,train,2026-08-26T16:53:07
1eeb0d26c905,train,2026-08-26T16:53:07
165cc0ca781f,train,2026-08-26T16:53:07
3344adc63432,train,2026-08-26T16:53:07
07d373ec4ec2,train,2026-08-26T16:53:07
544224720c50,train,2026-08-26T16:53:07
201f4dfe453f,train,2026-08-26T16:53:07
abb9a5ecd2fb,train,2026-08-26T16:53:07
aa6706d731cb,train,2026-08-26T16:53:07
98017cfbaa0e,train,2026-08-26T16:53:07
1a87c0e71693,train,2026-08-26T16:53:07
0d8dbaea2670,train,2026-08-26T16:53:07
dfb9fd720e91,train,2026-08-26T16:53:07
aa9cd586c69a,train,2026-08-26T16:53:07
70f4f69d7e9b,train,2026-08-26T16:53:07
d99ac5af14c3,train,2026-08-26T16:53:07
eb681e0389d6,train,2026-08-26T16:53:07
4cb3f9e0916c,train,2026-08-26T16:53:07
350daa799cbe,train,2026-08-26T16:53:07
14bc21a2d391,train,2026-08-26T16:53:07
62a8ec952969,train,2026-08-26T16:53:07
91173a1e63a0,train,2026-08-26T16:53:07
97f0aae36fd2,train,2026-08-26T16:53:07
b68ad9913e18,train,2026-08-26T16:53:07
ea35afad0ded,train,2026-08-26T16:53:07
c50ac67655c8,train,2026-08-26T16:53:07
5b622e3f3cbe,train,2026-08-26T16:53:07
e3834e017d51,train,2026-08-26T16:53:07
40df5df603c2,train,2026-08-26T16:53:07
96f6cc68d324,train,2026-08-26T16:53:07
6db7461245b4,train,2026-08-26T16:53:07
32229e41c9e2,train,2026-08-26T16:53:07
fc40b51e353a,train,2026-08-26T16:53:07
256b2cdd9691,train,2026-08-26T16:53:07
656567af3766,train,2026-08-26T16:53:07
5a9ee6a45a27,train,2026-08-26T16:53:07
05d837d120df,train,2026-08-26T16:53:07
18719a57073b,train,2026-08-26T16:53:07
0d71b3a3e458,train,2026-08-26T16:53:07
2ac1f8f7fa84,train,2026-08-26T16:53:07
1f89cc98c96d,train,2026-08-26T16:53:07
01a5eb7a6632,train,2026-08-26T16:53:07
cf5bf72d87f9,train,2026-08-26T16:53:07
cfcc325ab1b2,train,2026-08-26T16:53:07
3cc0f961929d,train,2026-08-26T16:53:07
24bc24006e84,train,2026-08-26T16:53:07
e8b267c9f088,train,2026-08-26T16:53:07
8c7f02acbdaa,train,2026-08-26T16:53:07
6602a83a36b3,train,2026-08-26T16:53:07
04f02ee8e685,train,2026-08-26T16:53:07
f81bbfb1a764,train,2026-08-26T16:53:07
b9f7346196fe,train,2026-08-26T16:53:07
1e78160d4cea,train,2026-08-26T16:53:07
63ce0d8a3e9a,train,2026-08-26T16:53:07
1611c159ffac,train,2026-08-26T16:53:07
19cca46955be,train,2026-08-26T16:53:07
9aae10ee8633,train,2026-08-26T16:53:07
57c2435df52c,train,2026-08-26T16:53:07
0a9bff40ded8,train,2026-08-26T16:53:07
6ef4f50b6452,train,2026-08-26T16:53:07
ff4d9b2768b3,train,2026-08-26T16:53:07
149f2b97ba14,train,2026-08-26T16:53:07
3206db4d02f6,train,2026-08-26T16:53:07
bd2daaa166ea,train,2026-08-26T16:53:07
334435a1ec80,train,2026-08-26T16:53:07
8f363e5c3048,train,2026-08-26T16:53:07
61e4ad00d1fe,train,2026-08-26T16:53:07
b2d4745a0941,train,2026-08-26T16:53:07
8d05409f1780,train,2026-08-26T16:53:07
a9d8895a7078,train,2026-08-26T16:53:07
d0e6e60bd22c,train,2026-08-26T16:53:07
9377b9ad5c56,train,2026-08-26T16:53:07
5adb7f6c7a07,train,2026-08-26T16:53:07
3460c48bddfc,train,2026-08-26T16:53:07
d841d9e1381e,train,2026-08-26T16:53:07
dbb315bad2ef,train,2026-08-26T16:53:07
e029e7c76465,train,2026-08-26T16:53:07
8e06a9dabe20,train,2026-08-26T16:53:07
ff48261aac2c,train,2026-08-26T16:53:07
ec9feea748cf,train,2026-08-26T16:53:07
bc40781b6ba6,train,2026-08-26T16:53:07
8575a4056a37,train,2026-08-26T16:53:07
2eff464e2cc7,train,2026-08-26T16:53:07
d1fb14562aab,train,2026-08-26T16:53:07
844bba951e48,train,2026-08-26T16:53:07
47052e50a843,train,2026-08-26T16:53:07
7163a38b2967,train,2026-08-26T16:53:07
7964c9a38dad,train,2026-08-26T16:53:07
0a9245c49b35,train,2026-08-26T16:53:07
c1eeefb85a8b,train,2026-08-26T16:53:07
8344814c3a6e,train,2026-08-26T16:53:07
65e02a4e1a3e,train,2026-08-26T16:53:07
8b1c321279b4,train,2026-08-26T16:53:07
fa7bdaa5165d,train,2026-08-26T16:53:07
c47060d7d8bd,train,2026-08-26T16:53:07
9ef13916c4ba,train,2026-08-26T16:53:07
f3a83d76aa24,train,2026-08-26T16:53:07
ca600c99315a,train,2026-08-26T16:53:07
088baa036c14,train,2026-08-26T16:53:07
be6ba61bba85,train,2026-08-26T16:53:07
6f17db22e092,train,2026-08-26T16:53:07
484724421efa,train,2026-08-26T16:53:07
c69a25e0d70f,train,2026-08-26T16:53:07
4aedd5a5da89,train,2026-08-26T16:53:07
e6482980b855,train,2026-08-26T16:53:07
b15dd0b44f8a,train,2026-08-26T16:53:07
5ead18187a82,train,2026-08-26T16:53:07
f1cf89fc3841,train,2026-08-26T16:53:07
99a240ec8342,train,2026-08-26T16:53:07
1a23438baa7c,train,2026-08-26T16:53:07
a0e72d75811d,train,2026-08-26T16:53:07
f4473bc12de6,train,2026-08-26T16:53:07
cc82ed2e3335,train,2026-08-26T16:53:07
6675fa013909,train,2026-08-26T16:53:07
59adcfc54ee6,train,2026-08-26T16:53:07
369754cd56e8,train,2026-08-26T16:53:07
ac2b7fb9ec65,train,2026-08-26T16:53:07
235b794e048f,train,2026-08-26T16:53:07
f104ae41e408,train,2026-08-26T16:53:07
ed9f04aed80b,train,2026-08-26T16:53:07
767aba165006,train,2026-08-26T16:53:07
c302ae8cc8c2,train,2026-08-26T16:53:07
22d8f8278648,train,2026-08-26T16:53:07
7eb9e678e24e,train,2026-08-26T16:53:07
af9eb97ec0b5,train,2026-08-26T16:53:07
d7cb3180355d,train,2026-08-26T16:53:07
e6bd46a7a4c2,train,2026-08-26T16:53:07
d502a5184ae3,train,2026-08-26T16:53:07
424fde676a9d,train,2026-08-26T16:53:07
ae90331c503b,train,2026-08-26T16:53:07
95f2ff169b93,train,2026-08-26T16:53:07
8f7935b5a5a7,train,2026-08-26T16:53:07
811ca150210c,train,2026-08-26T16:53:07
290700a35e33,train,2026-08-26T16:53:07
e9be569029e3,train,2026-08-26T16:53:07
a6a9c4cf208d,train,2026-08-26T16:53:07
63c657c5c7d5,train,2026-08-26T16:53:07
034e5ce24249,train,2026-08-26T16:53:07
dc7766f71f56,train,2026-08-26T16:53:07
823ef06f87dd,train,2026-08-26T16:53:07
2586985db15b,train,2026-08-26T16:53:07
95c3ed509b65,train,2026-08-26T16:53:07
a11beff660a8,train,2026-08-26T16:53:07
8fca6a632589,train,2026-08-26T16:53:07
2e749f280560,train,2026-08-26T16:53:07
0b19c383490d,train,2026-08-26T16:53:07
ded46acd09e9,train,2026-08-26T16:53:07
943104b6fff4,train,2026-08-26T16:53:07
0debecd7289d,train,2026-08-26T16:53:07
22b0bc262398,train,2026-08-26T16:53:07
a4092092881e,train,2026-08-26T16:53:07
d0ba208e2e47,train,2026-08-26T16:53:07
d4feaecc7a91,train,2026-08-26T16:53:07
9fcd467e172b,train,2026-08-26T16:53:07
f92fa55fdd8c,train,2026-08-26T16:53:07
8922b0724d68,train,2026-08-26T16:53:07
9a424713595b,train,2026-08-26T16:53:07
4606044fb4b3,train,2026-08-26T16:53:07
e62effbb4dbf,train,2026-08-26T16:53:07
33994062bb66,train,2026-08-26T16:53:07
49c987c655df,train,2026-08-26T16:53:07
3d6574bf5cf4,train,2026-08-26T16:53:07
a3f429803e91,train,2026-08-26T16:53:07
f4286ef2726c,train,2026-08-26T16:53:07
df0ace53a5f7,train,2026-08-26T16:53:07
0793f5f38521,train,2026-08-26T16:53:07
4ec78d9038f6,train,2026-08-26T16:53:07
9049a425edb8,train,2026-08-26T16:53:07
bae0c9e1f7ec,train,2026-08-26T16:53:07
bebf7ae02788,train,2026-08-26T16:53:07
433f3e775d55,train,2026-08-26T16:53:07
1587bfc7e36d,train,2026-08-26T16:53:07
e483e88b1756,train,2026-08-26T16:53:07
36c931d688ee,train,2026-08-26T16:53:07
3b7652e242df,train,2026-08-26T16:53:07
7e084e639614,train,2026-08-26T16:53:07
c935367b2766,train,2026-08-26T16:53:07
c981fc60632c,train,2026-08-26T16:53:07
4877f38f873d,train,2026-08-26T16:53:07
ac56bb8eee1b,train,2026-08-26T16:53:07
8145dbbe6fc1,train,2026-08-26T16:53:07
52bf7402da5c,train,2026-08-26T16:53:07
cdfce8ccde4c,train,2026-08-26T16:53:07
ae63a70459a9,train,2026-08-26T16:53:07
130f7d761238,train,2026-08-26T16:53:07
05142a491975,train,2026-08-26T16:53:07
4ca1865b3238,train,2026-08-26T16:53:07
7a95fe6d0aeb,train,2026-08-26T16:53:07
c90f8a8df04c,train,2026-08-26T16:53:07
ab28f4d15734,train,2026-08-26T16:53:07
9ec2900318ab,train,2026-08-26T16:53:07
c6319f5b1b77,train,2026-08-26T16:53:07
9e84c1b539fb,train,2026-08-26T16:53:07
c7ab2f7d6cbd,train,2026-08-26T16:53:07
5af3170daa24,train,2026-08-26T16:53:07
86370e90c906,train,2026-08-26T16:53:07
39d6fe5fb6fe,train,2026-08-26T16:53:07
082ea577a152,train,2026-08-26T16:53:07
1c7248544d67,train,2026-08-26T16:53:07
2168b54a8ad0,train,2026-08-26T16:53:07
37baed799c56,train,2026-08-26T16:53:07
ba414ced76d5,train,2026-08-26T16:53:07
5871db77184c,train,2026-08-26T16:53:07
4dac437556c6,train,2026-08-26T16:53:07
c3d8a45af181,train,2026-08-26T16:53:07
7cc425c66ec7,train,2026-08-26T16:53:07
641e10419f8b,train,2026-08-26T16:53:07
a37112f42199,train,2026-08-26T16:53:07
c6639f95b64b,train,2026-08-26T16:53:07
85f48c3a542c,train,2026-08-26T16:53:07
5021c8eb935b,train,2026-08-26T16:53:07
303fd994de8f,train,2026-08-26T16:53:07
b1eb637a8805,train,2026-08-26T16:53:07
5f95a351d510,train,2026-08-26T16:53:07
278fdc50dbfa,train,2026-08-26T16:53:07
98e585b4e1b1,train,2026-08-26T16:53:07
7572cab94a07,train,2026-08-26T16:53:07
2c8baa1e32b1,train,2026-08-26T16:53:07
33db28d3ea43,train,2026-08-26T16:53:07
80ab1c16d2aa,train,2026-08-26T16:53:07
153eeb86f8e1,train,2026-08-26T16:53:07
e2b38c9d1dd7,train,2026-08-26T16:53:07
0e3cbf434167,train,2026-08-26T16:53:07
6f9134649701,train,2026-08-26T16:53:07
227857c457f4,train,2026-08-26T16:53:07
e9a1ee2e5b76,train,2026-08-26T16:53:07
df5e8076c812,train,2026-08-26T16:53:07
875ae0e2585d,train,2026-08-26T16:53:07
1dc54b2f27a8,train,2026-08-26T16:53:07
b13ee02ff9f4,train,2026-08-26T16:53:07
734c03053d88,train,2026-08-26T16:53:07
c50b26739937,train,2026-08-26T16:53:07
6cf3a7038373,train,2026-08-26T16:53:07
b0f1726977ea,train,2026-08-26T16:53:07
ec742d3c7db2,train,2026-08-26T16:53:07
eb678a5aadc6,train,2026-08-26T16:53:07
0e0876072f08,train,2026-08-26T16:53:07
20147405df00,train,2026-08-26T16:53:07
00279ee55887,train,2026-08-26T16:53:07
694b4000f0a3,train,2026-08-26T16:53:07
cfd973c1ed69,train,2026-08-26T16:53:07
315e2e270696,train,2026-08-26T16:53:07
2050ffef0db4,train,2026-08-26T16:53:07
b409eaad0379,train,2026-08-26T16:53:07
59faf495dea3,train,2026-08-26T16:53:07
2e46980b74a3,train,2026-08-26T16:53:07
e9f851219c2a,train,2026-08-26T16:53:07
e769fec0dfad,train,2026-08-26T16:53:07
776709278897,train,2026-08-26T16:53:07
6d573c77e19a,train,2026-08-26T16:53:07
6a320e8efc6f,train,2026-08-26T16:53:07
0ec4c1f073e7,train,2026-08-26T16:53:07
f4e3e7c2450c,train,2026-08-26T16:53:07
f31d4e0a2501,train,2026-08-26T16:53:07
ce7c21373bfc,train,2026-08-26T16:53:07
03407888a906,train,2026-08-26T16:53:07
3d127accde70,train,2026-08-26T16:53:07
d3b38e0117aa,train,2026-08-26T16:53:07
67222947137f,train,2026-08-26T16:53:07
8022df13ae48,train,2026-08-26T16:53:07
460f29d8a8fd,train,2026-08-26T16:53:07
a9da953aedf7,train,2026-08-26T16:53:07
d61ea7e0a062,train,2026-08-26T16:53:07
a609be6b2a70,train,2026-08-26T16:53:07
8cb324e1c953,train,2026-08-26T16:53:07
546beeef664c,train,2026-08-26T16:53:07
d482e7d47034,train,2026-08-26T16:53:07
ec70b215a2d2,train,2026-08-26T16:53:07
c7005f34bac5,train,2026-08-26T16:53:07
dffd2d7fef2c,train,2026-08-26T16:53:07
904041980ed7,train,2026-08-26T16:53:07
ca5e2549525b,train,2026-08-26T16:53:07
4de5cb778812,train,2026-08-26T16:53:07
e04005bd6d86,train,2026-08-26T16:53:07
fedeeae3adfe,train,2026-08-26T16:53:07
1c9636d029a8,train,2026-08-26T16:53:07
fdc07403ad79,train,2026-08-26T16:53:07
47b96319628a,train,2026-08-26T16:53:07
85011abee769,train,2026-08-26T16:53:07
84d6dd8b5230,train,2026-08-26T16:53:07
b4cae5d25466,train,2026-08-26T16:53:07
79eab8e4f858,train,2026-08-26T16:53:07
265294ed15c2,train,2026-08-26T16:53:07
6a6c2291926a,train,2026-08-26T16:53:07
473adaf80b53,train,2026-08-26T16:53:07
15ccd162d947,train,2026-08-26T16:53:07
30dc6a25b02b,train,2026-08-26T16:53:07
81ee47e3552a,train,2026-08-26T16:53:07
e8888721c918,train,2026-08-26T16:53:07
72ed52c2dd1e,train,2026-08-26T16:53:07
85393872e8bb,train,2026-08-26T16:53:07
2cd3b4b392a0,train,2026-08-26T16:53:07
51a7b9d86aa5,train,2026-08-26T16:53:07
02e4dd0ce867,train,2026-08-26T16:53:07
d786eb93ed59,train,2026-08-26T16:53:07
cb16541b4cb6,train,2026-08-26T16:53:07
d417470975ad,train,2026-08-26T16:53:07
c8f143e7b9b8,train,2026-08-26T16:53:07
2123b3a7caa5,train,2026-08-26T16:53:07
2a67a36d65a3,train,2026-08-26T16:53:07
b9bd7eb60777,train,2026-08-26T16:53:07
e3d171d5d2fd,train,2026-08-26T16:53:07
e931998f5d23,train,2026-08-26T16:53:07
13477f086386,train,2026-08-26T16:53:07
00ec6f8e906d,train,2026-08-26T16:53:07
1e299e6775c3,train,2026-08-26T16:53:07
e3e152fd06d1,train,2026-08-26T16:53:07
cb3d94077127,train,2026-08-26T16:53:07
72f3722a6236,train,2026-08-26T16:53:07
6bd04ef42ae9,train,2026-08-26T16:53:07
ad23799ae2d6,train,2026-08-26T16:53:07
1974e6821cc9,train,2026-08-26T16:53:07
3805cc5584b5,train,2026-08-26T16:53:07
5fee8fd4634b,train,2026-08-26T16:53:07
bb0ed1e48ee5,train,2026-08-26T16:53:07
a16f7c834e2f,train,2026-08-26T16:53:07
791718ed26b2,train,2026-08-26T16:53:07
ea7d7822034c,train,2026-08-26T16:53:07
a7a8b9c66349,train,2026-08-26T16:53:07
cdd119f16de5,train,2026-08-26T16:53:07
08745add48d0,train,2026-08-26T16:53:07
60f75d43d6d4,train,2026-08-26T16:53:07
c75711687849,train,2026-08-26T16:53:07
7c74d3c4a83b,train,2026-08-26T16:53:07
47a8da741390,train,2026-08-26T16:53:07
23a436337eff,train,2026-08-26T16:53:07
8410a821b929,train,2026-08-26T16:53:07
c3747f600bdd,train,2026-08-26T16:53:07
820be4794223,train,2026-08-26T16:53:07
ca0493f93ccb,train,2026-08-26T16:53:07
c733c6d8e6db,train,2026-08-26T16:53:07
c03efd720fab,train,2026-08-26T16:53:07
8249fd169c09,train,2026-08-26T16:53:07
8765a1e1027e,train,2026-08-26T16:53:07
9bcdbb553f5c,train,2026-08-26T16:53:07
52a6d7a3965f,train,2026-08-26T16:53:07
66ddadcdaa36,train,2026-08-26T16:53:07
1e3ae2beef36,train,2026-08-26T16:53:07
da8e1365e380,train,2026-08-26T16:53:07
06c6353c0f3b,train,2026-08-26T16:53:07
59f1fd2656a2,train,2026-08-26T16:53:07
833834ae158e,train,2026-08-26T16:53:07
30368fb42c17,train,2026-08-26T16:53:07
dff99ef95270,train,2026-08-26T16:53:07
4826872815b7,train,2026-08-26T16:53:07
76c52932a3ad,train,2026-08-26T16:53:07
9a1dcb0b7d45,train,2026-08-26T16:53:07
af4715ae3c37,train,2026-08-26T16:53:07
0b9a854a2979,train,2026-08-26T16:53:07
4568cc93303d,train,2026-08-26T16:53:07
d33447559c13,train,2026-08-26T16:53:07
dbb9d75bb652,train,2026-08-26T16:53:07
2019d1405e5d,train,2026-08-26T16:53:07
b003a64763d0,train,2026-08-26T16:53:07
344bd89c56dc,train,2026-08-26T16:53:07
9030fb3a51ff,train,2026-08-26T16:53:07
6a265bdf5e92,train,2026-08-26T16:53:07
34e8a9727f50,train,2026-08-26T16:53:07
a0e089d6cb19,train,2026-08-26T16:53:07
dda4f9a2c4d9,train,2026-08-26T16:53:07
dfe2720c8e2c,train,2026-08-26T16:53:07
e4e8da43a6e8,train,2026-08-26T16:53:07
3421bd20f0a2,train,2026-08-26T16:53:07
e76bfdce0b7f,train,2026-08-26T16:53:07
3bdfff994b2e,train,2026-08-26T16:53:07
ce2ea05178fd,train,2026-08-26T16:53:07
ba75fd74a8a8,train,2026-08-26T16:53:07
b113f48ce7ac,train,2026-08-26T16:53:07
25482f22e966,train,2026-08-26T16:53:07
fb96250edd21,train,2026-08-26T16:53:07
348c1b7664ab,train,2026-08-26T16:53:07
1ea1c4f5be32,train,2026-08-26T16:53:07
6c01408f673e,train,2026-08-26T16:53:07
b86c56df7116,train,2026-08-26T16:53:07
7c5775186121,train,2026-08-26T16:53:07
1f64f7f73c7e,train,2026-08-26T16:53:07
6c82f208bdab,train,2026-08-26T16:53:07
229d9bce878d,train,2026-08-26T16:53:07
dff8be608a78,train,2026-08-26T16:53:07
74db0e6e9c7e,train,2026-08-26T16:53:07
04d7d2f57e3a,train,2026-08-26T16:53:07
3c74dd2c5ab8,train,2026-08-26T16:53:07
0b14eac7be1e,train,2026-08-26T16:53:07
91dcdbad952f,train,2026-08-26T16:53:07
621e76790363,train,2026-08-26T16:53:07
39e9840e9ebb,train,2026-08-26T16:53:07
66301c038de5,train,2026-08-26T16:53:07
c2e530f87652,train,2026-08-26T16:53:07
027eae54f2e1,train,2026-08-26T16:53:07
b0d32b649114,train,2026-08-26T16:53:07
8fc14765e2db,train,2026-08-26T16:53:07
d72d3c6deeba,train,2026-08-26T16:53:07
fe5a96cd34e8,train,2026-08-26T16:53:07
c439368ad4fa,train,2026-08-26T16:53:07
27631518ddc3,train,2026-08-26T16:53:07
bcec5ffa7cfa,train,2026-08-26T16:53:07
952438bd7b09,train,2026-08-26T16:53:07
013468eb2e20,train,2026-08-26T16:53:07
1639b409501a,train,2026-08-26T16:53:07
728df1c6edc4,train,2026-08-26T16:53:07
6a8637e1f0d9,train,2026-08-26T16:53:07
cca8f5910c8d,train,2026-08-26T16:53:07
3d44cd21d1a8,train,2026-08-26T16:53:07
0ad62e5a6500,train,2026-08-26T16:53:07
35bb8858dcde,train,2026-08-26T16:53:07
6c2d151a7fcd,train,2026-08-26T16:53:07
84d9108bec5a,train,2026-08-26T16:53:07
f1d06dd1443a,train,2026-08-26T16:53:07
3baf278e40e5,train,2026-08-26T16:53:07
840e8e8bf5c4,train,2026-08-26T16:53:07
878335b97465,train,2026-08-26T16:53:07
dc02f99fbdb4,train,2026-08-26T16:53:07
0aa6ae0ea4b9,train,2026-08-26T16:53:07
1616b2175e35,train,2026-08-26T16:53:07
06b203f46279,train,2026-08-26T16:53:07
af6102d5fc17,train,2026-08-26T16:53:07
626eb4c83c2a,train,2026-08-26T16:53:07
5f8b11db5090,train,2026-08-26T16:53:07
ee486fb7302a,train,2026-08-26T16:53:07
a0e4c0d14b7e,train,2026-08-26T16:53:07
5c2c11a3264f,train,2026-08-26T16:53:07
e324b0a804e6,train,2026-08-26T16:53:07
2601f2765321,train,2026-08-26T16:53:07
59888605e6f4,train,2026-08-26T16:53:07
e627c9507346,train,2026-08-26T16:53:07
bf75d6b3d998,train,2026-08-26T16:53:07
9e95c495107e,train,2026-08-26T16:53:07
01d8701d67fc,train,2026-08-26T16:53:07
1ac764ac4e49,train,2026-08-26T16:53:07
2dafb24021e7,train,2026-08-26T16:53:07
444f6e49ac9c,train,2026-08-26T16:53:07
b3acbbaae8d0,train,2026-08-26T16:53:07
12a88be968b8,train,2026-08-26T16:53:07
0bd5ea902e36,train,2026-08-26T16:53:07
dda35696c387,train,2026-08-26T16:53:07
f81da307f440,train,2026-08-26T16:53:07
2b98c1723be2,train,2026-08-26T16:53:07
46130e09ba8c,train,2026-08-26T16:53:07
1e43ce26a477,train,2026-08-26T16:53:07
52903cabee72,train,2026-08-26T16:53:07
8156795d3bf7,train,2026-08-26T16:53:07
3c91f560c059,train,2026-08-26T16:53:07
e2538bed99d7,train,2026-08-26T16:53:07
9ae92fd8a3b8,train,2026-08-26T16:53:07
6febec719f6c,train,2026-08-26T16:53:07
4185a79f3e81,train,2026-08-26T16:53:07
624b5281a1e7,train,2026-08-26T16:53:07
661032c79db3,train,2026-08-26T16:53:07
066c9f45d734,train,2026-08-26T16:53:07
dcc9af743c5a,train,2026-08-26T16:53:07
d2f51b71eab9,train,2026-08-26T16:53:07
91b18cd2287a,train,2026-08-26T16:53:07
dee4eb19bed2,train,2026-08-26T16:53:07
0b9a1fe48735,train,2026-08-26T16:53:07
c1c2c3b61027,train,2026-08-26T16:53:07
e88c303b88ab,train,2026-08-26T16:53:07
9de41f2ec7f9,train,2026-08-26T16:53:07
4eefaf5af7c2,train,2026-08-26T16:53:07
a8ad0e7dae21,train,2026-08-26T16:53:07
a33d3238317c,train,2026-08-26T16:53:07
40b6526230db,train,2026-08-26T16:53:07
c561d154650f,train,2026-08-26T16:53:07
238c188572cc,train,2026-08-26T16:53:07
76d73fd3b1c6,train,2026-08-26T16:53:07
575959edc475,train,2026-08-26T16:53:07
41d32158ba7e,train,2026-08-26T16:53:07
d4116a7db38c,train,2026-08-26T16:53:07
bf8de93411b0,train,2026-08-26T16:53:07
6c09332b5ff2,train,2026-08-26T16:53:07
bda919e0b0e2,train,2026-08-26T16:53:07
88692cf72dc2,train,2026-08-26T16:53:07
5e1b66ee80c0,train,2026-08-26T16:53:07
8739f8f1175a,train,2026-08-26T16:53:07
6e501ae14136,train,2026-08-26T16:53:07
e017b714155a,train,2026-08-26T16:53:07
ce46e2b232f8,train,2026-08-26T16:53:07
48ced7d76947,train,2026-08-26T16:53:07
a3678c31addf,train,2026-08-26T16:53:07
23605e453dd0,train,2026-08-26T16:53:07
13018374004c,train,2026-08-26T16:53:07
628a917bf44c,train,2026-08-26T16:53:07
f6b3ca735c45,train,2026-08-26T16:53:07
31cb37f195a9,train,2026-08-26T16:53:07
a80063f4f4fc,train,2026-08-26T16:53:07
f84bdfda24cc,train,2026-08-26T16:53:07
5856fad96350,train,2026-08-26T16:53:07
a081464e10bd,train,2026-08-26T16:53:07
5f7c65595ad1,train,2026-08-26T16:53:07
4a3428d3b43c,train,2026-08-26T16:53:07
26cb0c18b432,train,2026-08-26T16:53:07
38ac50f10d91,train,2026-08-26T16:53:07
f4f9122b153d,train,2026-08-26T16:53:07
76db57751a91,train,2026-08-26T16:53:07
5a4bcadd5285,train,2026-08-26T16:53:07
8023d1d04230,train,2026-08-26T16:53:07
3aba9dfb9c22,train,2026-08-26T16:53:07
0e8bb82b4829,train,2026-08-26T16:53:07
c4ae5fe8d01f,train,2026-08-26T16:53:07
cf5a1d3677f4,train,2026-08-26T16:53:07
0c35ea62d316,train,2026-08-26T16:53:07
d426f566e7d0,train,2026-08-26T16:53:07
226352de4c5e,train,2026-08-26T16:53:07
213d999dda27,train,2026-08-26T16:53:07
a28c10429c86,train,2026-08-26T16:53:07
ec32b99b03ee,train,2026-08-26T16:53:07
0ba7d0ebe93e,train,2026-08-26T16:53:07
641eab7d3dd5,train,2026-08-26T16:53:07
e9e562386ba0,train,2026-08-26T16:53:07
4ee5b844a816,train,2026-08-26T16:53:07
2436e9eec5c2,train,2026-08-26T16:53:07
e660aaa84645,train,2026-08-26T16:53:07
e39f34e2fd1c,train,2026-08-26T16:53:07
317c16fd8099,train,2026-08-26T16:53:07
6a75f61c6d50,train,2026-08-26T16:53:07
121542666645,train,2026-08-26T16:53:07
fe1944ad638b,train,2026-08-26T16:53:07
5e30cd8cf345,train,2026-08-26T16:53:07
f379e936091d,train,2026-08-26T16:53:07
5f471a1fa5f9,train,2026-08-26T16:53:07
c70499db790d,train,2026-08-26T16:53:07
a751c6fdd93b,train,2026-08-26T16:53:07
d0872f49af17,train,2026-08-26T16:53:07
1d3a0e2d5323,train,2026-08-26T16:53:07
d460809404dc,train,2026-08-26T16:53:07
944730ecc47b,train,2026-08-26T16:53:07
fbfec2ce3d2c,train,2026-08-26T16:53:07
31269247f32a,train,2026-08-26T16:53:07
80f327c9fb08,train,2026-08-26T16:53:07
053d9ace38f6,train,2026-08-26T16:53:07
4c51c926908d,train,2026-08-26T16:53:07
ae847fafd5b4,train,2026-08-26T16:53:07
8b6e570f8ecb,train,2026-08-26T16:53:07
63ea8d63c55b,train,2026-08-26T16:53:07
c5bbc1153955,train,2026-08-26T16:53:07
7afd143c3cb8,train,2026-08-26T16:53:07
72f4ef987501,train,2026-08-26T16:53:07
ff4b51de3425,train,2026-08-26T16:53:07
309b1b814933,train,2026-08-26T16:53:07
f945e011a7b1,train,2026-08-26T16:53:07
afe7c8b1b89a,train,2026-08-26T16:53:07
7647607f09a6,train,2026-08-26T16:53:07
99bc9a7a5d94,train,2026-08-26T16:53:07
c1dc0aef0bed,train,2026-08-26T16:53:07
46e5ef732ca3,train,2026-08-26T16:53:07
1db6eaca9f3f,train,2026-08-26T16:53:07
6550c74d6b0b,train,2026-08-26T16:53:07
0d339385af48,train,2026-08-26T16:53:07
830c1b9839ea,train,2026-08-26T16:53:07
42566cf9466c,train,2026-08-26T16:53:07
295a3c5a26cc,train,2026-08-26T16:53:07
de1c4e1c8ccc,train,2026-08-26T16:53:07
5a10fcab355a,train,2026-08-26T16:53:07
160ed064f809,train,2026-08-26T16:53:07
a2f11b186457,train,2026-08-26T16:53:07
1d9b2c2ba7e5,train,2026-08-26T16:53:07
80f4075f1125,train,2026-08-26T16:53:07
ce527a12e9bc,train,2026-08-26T16:53:07
c95b3021909d,train,2026-08-26T16:53:07
5133e379ebdb,train,2026-08-26T16:53:07
2fd97ee6fe05,train,2026-08-26T16:53:07
1c3e21f12027,train,2026-08-26T16:53:07
0d28aa1d90e1,train,2026-08-26T16:53:07
cb72fec6ae08,train,2026-08-26T16:53:07
4a01eaa718be,train,2026-08-26T16:53:07
256e4a281288,train,2026-08-26T16:53:07
0c386666c18a,train,2026-08-26T16:53:07
3b6b39cb9585,train,2026-08-26T16:53:07
1d9a98aa471d,train,2026-08-26T16:53:07
bbe87d6431f8,train,2026-08-26T16:53:07
55c3c4031963,train,2026-08-26T16:53:07
e29a3daa0813,train,2026-08-26T16:53:07
25613e6f49b4,train,2026-08-26T16:53:07
e2c86f1e9a8a,train,2026-08-26T16:53:07
a1df084fab0f,train,2026-08-26T16:53:07
5af11ab9e115,train,2026-08-26T16:53:07
d0446de6684a,train,2026-08-26T16:53:07
06f9599fcbce,train,2026-08-26T16:53:07
59fbac34a8cc,train,2026-08-26T16:53:07
ad4a4f74b93b,train,2026-08-26T16:53:07
ad69d674d382,train,2026-08-26T16:53:07
25d966a36ff5,train,2026-08-26T16:53:07
23af285e5038,train,2026-08-26T16:53:07
568ffdb26f61,train,2026-08-26T16:53:07
5e4275f3ec49,train,2026-08-26T16:53:07
c9d84aa4a5e4,train,2026-08-26T16:53:07
fa93d38dd2ec,train,2026-08-26T16:53:07
64653c179575,train,2026-08-26T16:53:07
0ef0abed48d9,train,2026-08-26T16:53:07
29e5ef6d158d,train,2026-08-26T16:53:07
aef91ff89da0,train,2026-08-26T16:53:07
94b8c7f75a99,train,2026-08-26T16:53:07
accfcfc323e9,train,2026-08-26T16:53:07
3ae084cd9dc2,train,2026-08-26T16:53:07
f05783d31045,train,2026-08-26T16:53:07
1ef35268fdd4,train,2026-08-26T16:53:07
09ab50bbfa21,train,2026-08-26T16:53:07
475a3662d1b9,train,2026-08-26T16:53:07
fbc389d35d54,train,2026-08-26T16:53:07
729b7c11c995,train,2026-08-26T16:53:07
c9588f86443a,train,2026-08-26T16:53:07
1971fc745939,train,2026-08-26T16:53:07
6854862d1801,train,2026-08-26T16:53:07
d962c4ca41a2,train,2026-08-26T16:53:07
448e3834637b,train,2026-08-26T16:53:07
c3268da36704,train,2026-08-26T16:53:07
6015377ca35d,train,2026-08-26T16:53:07
0ba028a39822,train,2026-08-26T16:53:07
6ce2b6612073,train,2026-08-26T16:53:07
db4a42f80ca4,train,2026-08-26T16:53:07
9dd75db6fe6e,train,2026-08-26T16:53:07
4359d6a214a2,train,2026-08-26T16:53:07
58f2e9711349,train,2026-08-26T16:53:07
ff76ffdf492f,train,2026-08-26T16:53:07
aef297b9ad65,train,2026-08-26T16:53:07
8752120da3df,train,2026-08-26T16:53:07
260d4a4bac73,train,2026-08-26T16:53:07
dbad8a7b9b70,train,2026-08-26T16:53:07
8b0bbcdb8fee,train,2026-08-26T16:53:07
8846aeb85e72,train,2026-08-26T16:53:07
4cec34d93131,train,2026-08-26T16:53:07
0b6aa2691c7a,train,2026-08-26T16:53:07
0b9cc1b1fcd8,train,2026-08-26T16:53:07
8396282005f8,train,2026-08-26T16:53:07
3ff0713d2ae2,train,2026-08-26T16:53:07
9552318ef1f6,train,2026-08-26T16:53:07
87bd9b794e63,train,2026-08-26T16:53:07
523e146a5f88,train,2026-08-26T16:53:07
13ec9651b4c2,train,2026-08-26T16:53:07
c73090ed2245,train,2026-08-26T16:53:07
9956e42b28f2,train,2026-08-26T16:53:07
e9e50e995284,train,2026-08-26T16:53:07
ba3790c16a5f,train,2026-08-26T16:53:07
b3b2a9f07616,train,2026-08-26T16:53:07
e9d578e0bb64,train,2026-08-26T16:53:07
fa1fa4d5da69,train,2026-08-26T16:53:07
2bd93814c5bc,train,2026-08-26T16:53:07
1f08bd11dcd9,train,2026-08-26T16:53:07
9d92d36ebf3b,train,2026-08-26T16:53:07
c76a818ef510,train,2026-08-26T16:53:07
d3d8e4695ce6,train,2026-08-26T16:53:07
546e1c03885e,train,2026-08-26T16:53:07
c76ac0ae9ca2,train,2026-08-26T16:53:07
f70e6c78ce72,train,2026-08-26T16:53:07
20d2b136e5e8,train,2026-08-26T16:53:07
730036853767,train,2026-08-26T16:53:07
16118c51fcff,train,2026-08-26T16:53:07
4178ca1311e6,train,2026-08-26T16:53:07
5c6aee733b8c,train,2026-08-26T16:53:07
440f3eac84ef,train,2026-08-26T16:53:07
dcd240f913e5,train,2026-08-26T16:53:07
4efa6787fd0e,train,2026-08-26T16:53:07
e3430ee61070,train,2026-08-26T16:53:07
f00a1b04aeef,train,2026-08-26T16:53:07
a8676832c1cb,train,2026-08-26T16:53:07
a0ecf8997352,train,2026-08-26T16:53:07
dcfc9ab4b098,train,2026-08-26T16:53:07
db04e0462c54,train,2026-08-26T16:53:07
ee594ed51866,train,2026-08-26T16:53:07
db2c216fa1a1,train,2026-08-26T16:53:07
a9d107bdb47f,train,2026-08-26T16:53:07
d6a3bc09f31c,train,2026-08-26T16:53:07
f617b058eec0,train,2026-08-26T16:53:07
5a7afc4317f9,train,2026-08-26T16:53:07
488a59646c23,train,2026-08-26T16:53:07
15564d72f9e6,train,2026-08-26T16:53:07
06168b9b7284,train,2026-08-26T16:53:07
4bb7514fb4c8,train,2026-08-26T16:53:07
f51dea93cb0d,train,2026-08-26T16:53:07
660298d18512,train,2026-08-26T16:53:07
84e2f385afad,train,2026-08-26T16:53:07
abb37e3717a7,train,2026-08-26T16:53:07
72afbeea9b49,train,2026-08-26T16:53:07
7192fd28c0d3,train,2026-08-26T16:53:07
149bc0a482ef,train,2026-08-26T16:53:07
9a1e132dc331,train,2026-08-26T16:53:07
c5bff18d4e87,train,2026-08-26T16:53:07
5c95b4cb2913,train,2026-08-26T16:53:07
3c9118d8f151,train,2026-08-26T16:53:07
59dbe8dca3a8,train,2026-08-26T16:53:07
0763301b2313,train,2026-08-26T16:53:07
6b8f8bede8ad,train,2026-08-26T16:53:07
d850596d1cb8,train,2026-08-26T16:53:07
b91185785919,train,2026-08-26T16:53:07
460c5cbebb6f,train,2026-08-26T16:53:07
43293fafee0d,train,2026-08-26T16:53:07
02b682a35303,train,2026-08-26T16:53:07
41b69a60d268,train,2026-08-26T16:53:07
82059362f928,train,2026-08-26T16:53:07
8f770a70c379,train,2026-08-26T16:53:07
88137595f56e,train,2026-08-26T16:53:07
5637bac9c99e,train,2026-08-26T16:53:07
5fff7f1ccf0e,train,2026-08-26T16:53:07
4492b2bbb816,train,2026-08-26T16:53:07
151e1dfbcc5d,train,2026-08-26T16:53:07
7f137d52def7,train,2026-08-26T16:53:07
e69d9d220b29,train,2026-08-26T16:53:07
3178d4bb1025,train,2026-08-26T16:53:07
a2a3db30b5b4,train,2026-08-26T16:53:07
df37905c58c4,train,2026-08-26T16:53:07
1de7659180b9,train,2026-08-26T16:53:07
5fcbc0097de0,train,2026-08-26T16:53:07
808d8953e00d,train,2026-08-26T16:53:07
860939bcde90,train,2026-08-26T16:53:07
ce080492c1c3,train,2026-08-26T16:53:07
8349c3b2ded7,train,2026-08-26T16:53:07
cc7a87b1712b,train,2026-08-26T16:53:07
080a73b9fb6d,train,2026-08-26T16:53:07
049976f20341,train,2026-08-26T16:53:07
4ce1c365a5f6,train,2026-08-26T16:53:07
6115a0337d5d,train,2026-08-26T16:53:07
8ecf923470e5,train,2026-08-26T16:53:07
1ffeeb44fbf4,train,2026-08-26T16:53:07
837ac4c82053,train,2026-08-26T16:53:07
6c14f098c12e,train,2026-08-26T16:53:07
ebc09c48c7c6,train,2026-08-26T16:53:07
fa2c1b6f42b2,train,2026-08-26T16:53:07
f4db408c5bb1,train,2026-08-26T16:53:07
971ef0a0fbbb,train,2026-08-26T16:53:07
612d68c4f65d,train,2026-08-26T16:53:07
43d1e67bf887,train,2026-08-26T16:53:07
45d4f5d85c0f,train,2026-08-26T16:53:07
8cdd6ec6c8f7,train,2026-08-26T16:53:07
a43e2a6865fe,train,2026-08-26T16:53:07
d82d79aba463,train,2026-08-26T16:53:07
99a341c93cb4,train,2026-08-26T16:53:07
55bffd4ccf22,train,2026-08-26T16:53:07
46056db6b6ca,train,2026-08-26T16:53:07
210f2088390a,train,2026-08-26T16:53:07
0a6be4bd5251,train,2026-08-26T16:53:07
8561f4f87963,train,2026-08-26T16:53:07
af222c5531c5,train,2026-08-26T16:53:07
13b89da156ea,train,2026-08-26T16:53:07
da3f22802350,train,2026-08-26T16:53:07
1904f901b36f,train,2026-08-26T16:53:07
f4dea83234b8,train,2026-08-26T16:53:07
f149670944f5,train,2026-08-26T16:53:07
81878c65a38b,train,2026-08-26T16:53:07
ac931f84bea6,train,2026-08-26T16:53:07
e1ef76346ac9,train,2026-08-26T16:53:07
909ae7882a00,train,2026-08-26T16:53:07
1a2ad4340056,train,2026-08-26T16:53:07
d3200b558aad,train,2026-08-26T16:53:07
cfb4651048b1,train,2026-08-26T16:53:07
c9519fbf79bc,train,2026-08-26T16:53:07
3d81d7b89f1e,train,2026-08-26T16:53:07
7800fd1496b9,train,2026-08-26T16:53:07
234435020cd1,train,2026-08-26T16:53:07
b4f1f2755fbb,train,2026-08-26T16:53:07
19cd108ee113,train,2026-08-26T16:53:07
fb59d75b3304,train,2026-08-26T16:53:07
4bedd3da9a80,train,2026-08-26T16:53:07
13febd633bb4,train,2026-08-26T16:53:07
1d3ee2d40563,train,2026-08-26T16:53:07
580f510341ed,train,2026-08-26T16:53:07
e0c235477dc3,train,2026-08-26T16:53:07
02b57b211848,train,2026-08-26T16:53:07
f18546535ef3,train,2026-08-26T16:53:07
74fa8d41cda1,train,2026-08-26T16:53:07
c2d90f9dd252,train,2026-08-26T16:53:07
8a676f6ed8a6,train,2026-08-26T16:53:07
f792f30bf059,train,2026-08-26T16:53:07
47ca9da08c06,train,2026-08-26T16:53:07
64682a82b539,train,2026-08-26T16:53:07
5dc1790b38f5,train,2026-08-26T16:53:07
bece43f26c13,train,2026-08-26T16:53:07
ea15254df3a2,train,2026-08-26T16:53:07
ba38244cb5aa,train,2026-08-26T16:53:07
93dfb0a8d593,train,2026-08-26T16:53:07
11ffc918cecf,train,2026-08-26T16:53:07
7be2633d66bd,train,2026-08-26T16:53:07
800dc7cfee86,train,2026-08-26T16:53:07
189ef4a4486e,train,2026-08-26T16:53:07
2896be6fd382,train,2026-08-26T16:53:07
bb66b2670d0e,train,2026-08-26T16:53:07
49a5bd38fc16,train,2026-08-26T16:53:07
3f0502f46c65,train,2026-08-26T16:53:07
ff2f7af3ed3d,train,2026-08-26T16:53:07
b5ea02e86f29,train,2026-08-26T16:53:07
b21a49472ed7,train,2026-08-26T16:53:07
bdb45fc00d56,train,2026-08-26T16:53:07
dc33c9cc1bc8,train,2026-08-26T16:53:07
51e20dff897b,train,2026-08-26T16:53:07
764a4b476f01,train,2026-08-26T16:53:07
8f7a34107be7,train,2026-08-26T16:53:07
59114fa6c0fc,train,2026-08-26T16:53:07
b0dab8603e7b,train,2026-08-26T16:53:07
d4cb3ffaf9bd,train,2026-08-26T16:53:07
390132a471ad,train,2026-08-26T16:53:07
bce6b22c0890,train,2026-08-26T16:53:07
d9bef799f945,train,2026-08-26T16:53:07
2b9d3d8f08d2,train,2026-08-26T16:53:07
b50d3e7742c0,train,2026-08-26T16:53:07
2400fb5dca4d,train,2026-08-26T16:53:07
e039b216f851,train,2026-08-26T16:53:07
fce2d64b511b,train,2026-08-26T16:53:07
fe029e6fadc2,train,2026-08-26T16:53:07
f856273e1ddb,train,2026-08-26T16:53:07
2eca21fe8647,train,2026-08-26T16:53:07
37527cce02d1,train,2026-08-26T16:53:07
ba5676709d6b,train,2026-08-26T16:53:07
32045c429777,train,2026-08-26T16:53:07
7eded26422c5,train,2026-08-26T16:53:07
0a9542429dc7,train,2026-08-26T16:53:07
d3ee8dad3179,train,2026-08-26T16:53:07
286f8624d70c,train,2026-08-26T16:53:07
bd5254b2476c,train,2026-08-26T16:53:07
878f4d337d3f,train,2026-08-26T16:53:07
ad6bfb8102ed,train,2026-08-26T16:53:07
921775e49046,train,2026-08-26T16:53:07
99a09256d404,train,2026-08-26T16:53:07
757290724266,train,2026-08-26T16:53:07
7451210195a2,train,2026-08-26T16:53:07
3cc92e4cb65c,train,2026-08-26T16:53:07
0dfb1efc5180,train,2026-08-26T16:53:07
84eaa525fc4a,train,2026-08-26T16:53:07
ad42367a3c23,train,2026-08-26T16:53:07
8e12e5e2db69,train,2026-08-26T16:53:07
a290b7fbb999,train,2026-08-26T16:53:07
fc5d6e46a96e,train,2026-08-26T16:53:07
fc0c9abd42a6,train,2026-08-26T16:53:07
5de40960b161,train,2026-08-26T16:53:07
822d704c90e3,train,2026-08-26T16:53:07
59fefb73466f,train,2026-08-26T16:53:07
119bece6aba3,train,2026-08-26T16:53:07
5f13d5cefc8b,train,2026-08-26T16:53:07
6ea39c40e5ef,train,2026-08-26T16:53:07
e1a21ad5fc15,train,2026-08-26T16:53:07
910d245bef74,train,2026-08-26T16:53:07
d0869055259b,train,2026-08-26T16:53:07
4365b835dd95,train,2026-08-26T16:53:07
99ba3d3c1d42,train,2026-08-26T16:53:07
bef2da48e47b,train,2026-08-26T16:53:07
00c1350256d8,train,2026-08-26T16:53:07
0401be38c444,train,2026-08-26T16:53:07
5b00ba3e5fda,train,2026-08-26T16:53:07
61c864bf4ade,train,2026-08-26T16:53:07
cef2cf3baec1,train,2026-08-26T16:53:07
a317b0b2a949,train,2026-08-26T16:53:07
9107b8a6f935,train,2026-08-26T16:53:07
1c90260f886a,val,2026-08-26T16:53:07
225402738895,val,2026-08-26T16:53:07
68b9a6fa02f4,val,2026-08-26T16:53:07
e85bc1c08ad5,val,2026-08-26T16:53:07
4e0da92b33d7,val,2026-08-26T16:53:07
e37c4d773c3c,val,2026-08-26T16:53:07
140c31c32a01,val,2026-08-26T16:53:07
d0db747490de,val,2026-08-26T16:53:07
0fae853ba113,val,2026-08-26T16:53:07
13018c05100b,val,2026-08-26T16:53:07
a16387391321,val,2026-08-26T16:53:07
016bb04b7921,val,2026-08-26T16:53:07
d7de3e82a0b0,val,2026-08-26T16:53:07
d489969f6896,val,2026-08-26T16:53:07
2422d510ab97,val,2026-08-26T16:53:07
488cfa0e5903,val,2026-08-26T16:53:07
7d262c53b567,val,2026-08-26T16:53:07
3cd5ab878ea2,val,2026-08-26T16:53:07
c32a26e4c397,val,2026-08-26T16:53:07
d7d07c705af9,val,2026-08-26T16:53:07
3d44acbed0d6,val,2026-08-26T16:53:07
50b4fd6e1bd2,val,2026-08-26T16:53:07
4417faa43ef2,val,2026-08-26T16:53:07
ffb93432a902,val,2026-08-26T16:53:07
b89d31ee7353,val,2026-08-26T16:53:07
f735df44a7bd,val,2026-08-26T16:53:07
91bfaeda9ccb,val,2026-08-26T16:53:07
4e018f1c7bc5,val,2026-08-26T16:53:07
f9cb63f5a5fc,val,2026-08-26T16:53:07
b729d0f367fa,val,2026-08-26T16:53:07
63da6a365f55,val,2026-08-26T16:53:07
af62a6f20994,val,2026-08-26T16:53:07
c8a2dba287c4,val,2026-08-26T16:53:07
f7e024ec6ae7,val,2026-08-26T16:53:07
067a0ce6e19f,val,2026-08-26T16:53:07
4633165ff45c,val,2026-08-26T16:53:07
db0fdb7b94f0,val,2026-08-26T16:53:07
c00547056965,val,2026-08-26T16:53:07
a560451a1748,val,2026-08-26T16:53:07
c417943d08a8,val,2026-08-26T16:53:07
89d7ac0b0c47,val,2026-08-26T16:53:07
0e072825ed65,val,2026-08-26T16:53:07
5e8d38dfb587,val,2026-08-26T16:53:07
3de436ac7c19,val,2026-08-26T16:53:07
ae392b0b5ac4,val,2026-08-26T16:53:07
c6bb41ea8806,val,2026-08-26T16:53:07
f8fd9a42a109,val,2026-08-26T16:53:07
b80e633da535,val,2026-08-26T16:53:07
7a78a49ed2a1,val,2026-08-26T16:53:07
dff1227d2b09,val,2026-08-26T16:53:07
7c7eb123ac8a,val,2026-08-26T16:53:07
fc119b4b4b91,val,2026-08-26T16:53:07
05bedfbe7cc0,val,2026-08-26T16:53:07
566813c124ba,val,2026-08-26T16:53:07
945ed7d90c90,val,2026-08-26T16:53:07
f5695ee1dc01,val,2026-08-26T16:53:07
1b1e266d2a38,val,2026-08-26T16:53:07
96b329f2cc2d,val,2026-08-26T16:53:07
607b11a279ca,val,2026-08-26T16:53:07
76b5edf0ec7d,val,2026-08-26T16:53:07
00715357b797,val,2026-08-26T16:53:07
732ee3dd27e4,val,2026-08-26T16:53:07
5cd6423739b7,val,2026-08-26T16:53:07
0b539fa3cdff,val,2026-08-26T16:53:07
23026d45782b,val,2026-08-26T16:53:07
c81038b94ed0,val,2026-08-26T16:53:07
4c162b1799b1,val,2026-08-26T16:53:07
9f60b18299b0,val,2026-08-26T16:53:07
3baeeed2d312,val,2026-08-26T16:53:07
ba33ada8e978,val,2026-08-26T16:53:07
6427e42989b6,val,2026-08-26T16:53:07
d09575ee0d31,val,2026-08-26T16:53:07
5f9dde78914a,val,2026-08-26T16:53:07
9ce510072c22,val,2026-08-26T16:53:07
66c0c11a49e5,val,2026-08-26T16:53:07
7321e0db0fbf,val,2026-08-26T16:53:07
5d5ff51e164a,val,2026-08-26T16:53:07
892d91dc2139,val,2026-08-26T16:53:07
240a93be3cbd,val,2026-08-26T16:53:07
23fc7e6e0ec3,val,2026-08-26T16:53:07
f6e1f5611320,val,2026-08-26T16:53:07
4c4d85c35f57,val,2026-08-26T16:53:07
9812a9e515b7,val,2026-08-26T16:53:07
ee7a278af192,val,2026-08-26T16:53:07
ec582ebc97f7,val,2026-08-26T16:53:07
de02dc4ba2d0,val,2026-08-26T16:53:07
5ce4d64ccd46,val,2026-08-26T16:53:07
11e9591dee53,val,2026-08-26T16:53:07
002d64e927d4,val,2026-08-26T16:53:07
ecb1a2e46634,val,2026-08-26T16:53:07
f5684700040b,val,2026-08-26T16:53:07
2fc26597f33c,val,2026-08-26T16:53:07
47ec1f84c250,val,2026-08-26T16:53:07
552f14e6fcf6,val,2026-08-26T16:53:07
42b624ca91f1,val,2026-08-26T16:53:07
73e46eb8c508,val,2026-08-26T16:53:07
a8765974e793,val,2026-08-26T16:53:07
c45f417771b3,val,2026-08-26T16:53:07
97f64d0bc8f4,val,2026-08-26T16:53:07
6eb5f6ccbf33,val,2026-08-26T16:53:07
a0471e664340,val,2026-08-26T16:53:07
78f14426fc2a,val,2026-08-26T16:53:07
712701366f98,val,2026-08-26T16:53:07
c4e1110aad14,val,2026-08-26T16:53:07
e89024995917,val,2026-08-26T16:53:07
631a079f126c,val,2026-08-26T16:53:07
582d7b9f5d0e,val,2026-08-26T16:53:07
476f60e8c2a5,val,2026-08-26T16:53:07
7c901710bec7,val,2026-08-26T16:53:07
b819eb7cecaf,val,2026-08-26T16:53:07
c6db6c0d11e2,val,2026-08-26T16:53:07
eef473f6c689,val,2026-08-26T16:53:07
1cbdece47b3d,val,2026-08-26T16:53:07
45bd677b4a4e,val,2026-08-26T16:53:07
c410d276c643,val,2026-08-26T16:53:07
af10e90f07a8,val,2026-08-26T16:53:07
df9e77db9a0e,val,2026-08-26T16:53:07
9743fbd3028e,val,2026-08-26T16:53:07
5222de96dc15,val,2026-08-26T16:53:07
fdf52277fb03,val,2026-08-26T16:53:07
8daf46b20446,val,2026-08-26T16:53:07
7780539a199a,val,2026-08-26T16:53:07
561331b54733,val,2026-08-26T16:53:07
760ba12bc9bb,val,2026-08-26T16:53:07
993e2f866ba9,val,2026-08-26T16:53:07
78a3786a500c,val,2026-08-26T16:53:07
afc1790239db,val,2026-08-26T16:53:07
c2b651890252,val,2026-08-26T16:53:07
ace1a86db7e6,val,2026-08-26T16:53:07
e81c660c73fc,val,2026-08-26T16:53:07
f199bf63d999,val,2026-08-26T16:53:07
0590e9e2cd8c,val,2026-08-26T16:53:07
ee54b48086d1,val,2026-08-26T16:53:07
78fe2837e62e,val,2026-08-26T16:53:07
b0b73ec5dadd,val,2026-08-26T16:53:07
9a92cd2edbaf,val,2026-08-26T16:53:07
f3b5f635cd50,val,2026-08-26T16:53:07
d4f858a6b79d,val,2026-08-26T16:53:07
a79e2edd6fa8,val,2026-08-26T16:53:07
2be3cf582b4f,val,2026-08-26T16:53:07
b1b5837de844,val,2026-08-26T16:53:07
5c0fd5467360,val,2026-08-26T16:53:07
f53994fd8828,val,2026-08-26T16:53:07
4f0a859bb6eb,val,2026-08-26T16:53:07
27e97988e67c,val,2026-08-26T16:53:07
7c54e8ce4f1f,val,2026-08-26T16:53:07
dfef14982c80,val,2026-08-26T16:53:07
e15984a66027,val,2026-08-26T16:53:07
81cb371576da,val,2026-08-26T16:53:07
2b207d829669,val,2026-08-26T16:53:07
1c10b3011f13,val,2026-08-26T16:53:07
5d33a6d95739,val,2026-08-26T16:53:07
f506d1cdb6e7,val,2026-08-26T16:53:07
93a07171a71e,val,2026-08-26T16:53:07
359862175e7b,val,2026-08-26T16:53:07
a1522b062ff6,val,2026-08-26T16:53:07
18e155cfff32,val,2026-08-26T16:53:07
28055557563a,val,2026-08-26T16:53:07
e534484d99fe,val,2026-08-26T16:53:07
acc96f4040af,val,2026-08-26T16:53:07
b3a278f30050,val,2026-08-26T16:53:07
02da100c7299,val,2026-08-26T16:53:07
0c1f1d699f12,val,2026-08-26T16:53:07
d1f752f89e79,val,2026-08-26T16:53:07
594c9941ba67,val,2026-08-26T16:53:07
9c55e0b08c53,val,2026-08-26T16:53:07
079fdf5abcd3,val,2026-08-26T16:53:07
3910d6f46718,val,2026-08-26T16:53:07
05526b70b594,val,2026-08-26T16:53:07
c420531f1780,val,2026-08-26T16:53:07
d45e705002d3,val,2026-08-26T16:53:07
d621fbd2bc80,val,2026-08-26T16:53:07
e65d22e6994d,val,2026-08-26T16:53:07
e5b395d0c7b7,val,2026-08-26T16:53:07
0399eb880180,val,2026-08-26T16:53:07
2416ff2418ba,val,2026-08-26T16:53:07
52b4754d3817,val,2026-08-26T16:53:07
bc99929de5dc,val,2026-08-26T16:53:07
994cf3f72f59,val,2026-08-26T16:53:07
f726fc402e4b,val,2026-08-26T16:53:07
4c0497dcec17,val,2026-08-26T16:53:07
4e887ec8c93d,val,2026-08-26T16:53:07
d029d4e6e0c6,val,2026-08-26T16:53:07
6a22f42cc7d1,val,2026-08-26T16:53:07
26ca8d14680a,val,2026-08-26T16:53:07
6d73ca41f57c,val,2026-08-26T16:53:07
d9d6b3dbc2a6,val,2026-08-26T16:53:07
e900f2ef8f54,val,2026-08-26T16:53:07
bff94527cebd,val,2026-08-26T16:53:07
127966b4375d,val,2026-08-26T16:53:07
6186cedd7a22,val,2026-08-26T16:53:07
3d06bdc87202,val,2026-08-26T16:53:07
9626d1b7de72,val,2026-08-26T16:53:07
f8a444f585ae,val,2026-08-26T16:53:07
d069967b42ce,val,2026-08-26T16:53:07
5084ba41dd71,val,2026-08-26T16:53:07
294a0c2f3b59,val,2026-08-26T16:53:07
30588518d5c9,val,2026-08-26T16:53:07
64390e6ef6df,val,2026-08-26T16:53:07
eb24d3e015a5,val,2026-08-26T16:53:07
e2a19a79514f,val,2026-08-26T16:53:07
a509c548ccc7,val,2026-08-26T16:53:07
b0b69219d201,val,2026-08-26T16:53:07
c3eb2f05d6f8,val,2026-08-26T16:53:07
5df91ad7e9ff,val,2026-08-26T16:53:07
ad4e0e5bb3c9,val,2026-08-26T16:53:07
9a1ef849db0c,val,2026-08-26T16:53:07
cb709cc64463,val,2026-08-26T16:53:07
9ffb22a8cb05,val,2026-08-26T16:53:07
4e0946ed3200,val,2026-08-26T16:53:07
7414cbc831eb,val,2026-08-26T16:53:07
d862724723bd,val,2026-08-26T16:53:07
4975c6c212ac,val,2026-08-26T16:53:07
4f5ea16833cc,val,2026-08-26T16:53:07
09e1ea737d72,val,2026-08-26T16:53:07
52426092124b,val,2026-08-26T16:53:07
c9100c264161,val,2026-08-26T16:53:07
a647a61829ab,val,2026-08-26T16:53:07
e04be9c88491,val,2026-08-26T16:53:07
367c06e26bb8,val,2026-08-26T16:53:07
f8f362c32840,val,2026-08-26T16:53:07
791f934c22f0,val,2026-08-26T16:53:07
c5d5cf9e8543,val,2026-08-26T16:53:07
d9284f635178,val,2026-08-26T16:53:07
83a8e6a24f22,val,2026-08-26T16:53:07
cec67343904b,val,2026-08-26T16:53:07
0fa9a5db3566,val,2026-08-26T16:53:07
e69ad936cf9f,val,2026-08-26T16:53:07
42a051720ff9,val,2026-08-26T16:53:07
a66ff9aacea8,val,2026-08-26T16:53:07
4dde4fc9d042,val,2026-08-26T16:53:07
11fa552942af,val,2026-08-26T16:53:07
045f110f78d4,val,2026-08-26T16:53:07
116dc58045ca,val,2026-08-26T16:53:07
771b3d3832ba,val,2026-08-26T16:53:07
d456c03f9a6e,val,2026-08-26T16:53:07
4b27220a7def,val,2026-08-26T16:53:07
003b13b547b9,val,2026-08-26T16:53:07
4677f51d9c76,val,2026-08-26T16:53:07
226cdaefd543,val,2026-08-26T16:53:07
31b23df111ef,val,2026-08-26T16:53:07
f85fd8e7b446,val,2026-08-26T16:53:07
a25fe4366585,val,2026-08-26T16:53:07
8f05b6d79ec4,val,2026-08-26T16:53:07
3ceb646537dc,val,2026-08-26T16:53:07
e0c23096b26a,val,2026-08-26T16:53:07
424dedb2c024,val,2026-08-26T16:53:07
6e102bb1b070,val,2026-08-26T16:53:07
272f918cff14,val,2026-08-26T16:53:07
c2e7558023e6,val,2026-08-26T16:53:07
6e15744a493a,val,2026-08-26T16:53:07
0101a7d20994,val,2026-08-26T16:53:07
d6737ff08db8,val,2026-08-26T16:53:07
582bee20d37b,val,2026-08-26T16:53:07
e7b2ae42e3ea,val,2026-08-26T16:53:07
9462e3d45809,val,2026-08-26T16:53:07
33e9c819e656,val,2026-08-26T16:53:07
c1db98768f06,val,2026-08-26T16:53:07
9fc62a10b14e,val,2026-08-26T16:53:07
a8716f2ca411,val,2026-08-26T16:53:07
6ff5eedd7a5e,val,2026-08-26T16:53:07
917ee7a5f9f7,val,2026-08-26T16:53:07
05753564fd79,val,2026-08-26T16:53:07
45693dce8e30,val,2026-08-26T16:53:07
aef4062208d6,val,2026-08-26T16:53:07
ed8ff0ecb657,val,2026-08-26T16:53:07
66b7a08c1331,val,2026-08-26T16:53:07
4a4e3de749a1,val,2026-08-26T16:53:07
8aad568d77c5,val,2026-08-26T16:53:07
5ce855e28074,val,2026-08-26T16:53:07
f6b6897ca596,val,2026-08-26T16:53:07
bdd8b385a28b,val,2026-08-26T16:53:07
9a48a4d37052,val,2026-08-26T16:53:07
c29d7a43f768,val,2026-08-26T16:53:07
95b4ed3accc1,val,2026-08-26T16:53:07
2eee329010bc,val,2026-08-26T16:53:07
b9a164f597cc,val,2026-08-26T16:53:07
0e18339b1b93,val,2026-08-26T16:53:07
16d0c0ea61d6,val,2026-08-26T16:53:07
13c0384f0543,val,2026-08-26T16:53:07
0aabd17548cc,val,2026-08-26T16:53:07
b6e0997ad517,val,2026-08-26T16:53:07
a3dda6be2924,val,2026-08-26T16:53:07
005cd0406e72,val,2026-08-26T16:53:07
ea9bdbb63763,val,2026-08-26T16:53:07
6ea5ff4346ff,val,2026-08-26T16:53:07
c7161202de4e,val,2026-08-26T16:53:07
2649639afcf6,val,2026-08-26T16:53:07
cb10460173a5,val,2026-08-26T16:53:07
5bb1eaad6c43,val,2026-08-26T16:53:07
bfcb960ba013,val,2026-08-26T16:53:07
49f2d6053415,val,2026-08-26T16:53:07
35196cd3e87a,val,2026-08-26T16:53:07
3eed3feff473,val,2026-08-26T16:53:07
791ddffca011,val,2026-08-26T16:53:07
6d7f26f9e94b,val,2026-08-26T16:53:07
137b1be381be,val,2026-08-26T16:53:07
ea447c4f0cb8,val,2026-08-26T16:53:07
208fb8d42abb,val,2026-08-26T16:53:07
cad6832134ea,val,2026-08-26T16:53:07
f1b52e92af14,val,2026-08-26T16:53:07
b9d14fbd399c,val,2026-08-26T16:53:07
9bae6583fd6f,val,2026-08-26T16:53:07
5812d27c9251,val,2026-08-26T16:53:07
c00abd6f5d19,val,2026-08-26T16:53:07
4726c3e63ede,val,2026-08-26T16:53:07
b4e17823cf6a,val,2026-08-26T16:53:07
417bf25a3363,val,2026-08-26T16:53:07
962213907d9d,val,2026-08-26T16:53:07
9c24a617db4c,val,2026-08-26T16:53:07
24f3e38e56dc,val,2026-08-26T16:53:07
525dcc91964b,val,2026-08-26T16:53:07
703a94a98d7b,val,2026-08-26T16:53:07
c0a8d1022170,val,2026-08-26T16:53:07
84c0c59a7b65,val,2026-08-26T16:53:07
99495ff1ee54,val,2026-08-26T16:53:07
edb2f4591638,val,2026-08-26T16:53:07
8be72aca503f,val,2026-08-26T16:53:07
c5fd9295ab6d,val,2026-08-26T16:53:07
75430caf802c,val,2026-08-26T16:53:07
67fc3bc541c1,val,2026-08-26T16:53:07
1f40c2d0ab19,val,2026-08-26T16:53:07
ce8804f61824,val,2026-08-26T16:53:07
17258c9a0891,val,2026-08-26T16:53:07
471e6c520af3,val,2026-08-26T16:53:07
3dd81be7a0a9,val,2026-08-26T16:53:07
5c86108aabe9,val,2026-08-26T16:53:07
67a301aa4677,val,2026-08-26T16:53:07
a671a1f0d73d,val,2026-08-26T16:53:07
9e8ec150bce1,val,2026-08-26T16:53:07
8c8b5702cfab,val,2026-08-26T16:53:07
6db99b526d2a,val,2026-08-26T16:53:07
0f28a6ac6570,val,2026-08-26T16:53:07
43bd78d74ef8,val,2026-08-26T16:53:07
c31e2971c072,val,2026-08-26T16:53:07
7940c2431c2c,val,2026-08-26T16:53:07
574630503c6c,val,2026-08-26T16:53:07
4b58f311895c,val,2026-08-26T16:53:07
0474cf0398b9,val,2026-08-26T16:53:07
c6d68e0fe607,val,2026-08-26T16:53:07
b43c64700883,val,2026-08-26T16:53:07
b2a5a6705e14,val,2026-08-26T16:53:07
ee7c7f0cf0b2,val,2026-08-26T16:53:07
17c141c91bcf,val,2026-08-26T16:53:07
1a355781c366,val,2026-08-26T16:53:07
408fdd48dd43,val,2026-08-26T16:53:07
dd0ce24b7bbc,val,2026-08-26T16:53:07
d7461c59ee1d,val,2026-08-26T16:53:07
456accbd1e72,val,2026-08-26T16:53:07
bcd8aad76f06,val,2026-08-26T16:53:07
780927241984,val,2026-08-26T16:53:07
49587df5a56c,val,2026-08-26T16:53:07
f777c2ad07cc,val,2026-08-26T16:53:07
9305ba44e8fb,val,2026-08-26T16:53:07
4327609ed5e3,val,2026-08-26T16:53:07
13523aa052fe,val,2026-08-26T16:53:07
af9965192482,val,2026-08-26T16:53:07
ac04ac2ecc6c,val,2026-08-26T16:53:07
d8463da0f91e,val,2026-08-26T16:53:07
8cef5063a7a1,val,2026-08-26T16:53:07
8cefd5bf3984,val,2026-08-26T16:53:07
fc06eedf399b,val,2026-08-26T16:53:07
c05d92b81bee,val,2026-08-26T16:53:07
39defe172143,val,2026-08-26T16:53:07
2e444504bf53,val,2026-08-26T16:53:07
382bea5d8ef3,val,2026-08-26T16:53:07
ed8584dcddea,val,2026-08-26T16:53:07
0a5f19d17d8e,val,2026-08-26T16:53:07
e7c4d7d45bb2,val,2026-08-26T16:53:07
6f1135488937,val,2026-08-26T16:53:07
497131741bb3,val,2026-08-26T16:53:07
c433bf0b0d87,val,2026-08-26T16:53:07
b595ef2c1351,val,2026-08-26T16:53:07
3f27763a2e1f,val,2026-08-26T16:53:07
41d9f296f0b1,val,2026-08-26T16:53:07
2ebadc619970,val,2026-08-26T16:53:07
a3bdee821ad0,val,2026-08-26T16:53:07
b0382c565d4a,val,2026-08-26T16:53:07
2561a9e9cf97,val,2026-08-26T16:53:07
9295d3657744,val,2026-08-26T16:53:07
7236dde114b8,val,2026-08-26T16:53:07
c5a57a8d3e24,val,2026-08-26T16:53:07
0f65516a9e42,val,2026-08-26T16:53:07
aabb9f053476,val,2026-08-26T16:53:07
9fafc1d19f04,val,2026-08-26T16:53:07
eb1d7bcb0208,val,2026-08-26T16:53:07
d870babc9701,val,2026-08-26T16:53:07
f855fad74f7b,val,2026-08-26T16:53:07
dd82b6f0aa7d,val,2026-08-26T16:53:07
c6222f02fad6,val,2026-08-26T16:53:07
18c31e8bb833,val,2026-08-26T16:53:07
ef76fc89b37e,val,2026-08-26T16:53:07
d894109767e1,val,2026-08-26T16:53:07
1e154f57c35b,val,2026-08-26T16:53:07
363424e520ff,val,2026-08-26T16:53:07
adcbdc336bd7,val,2026-08-26T16:53:07
daa081a6cd7e,val,2026-08-26T16:53:07
22f9b76d906a,val,2026-08-26T16:53:07
e8f69f44183e,val,2026-08-26T16:53:07
7e4157c1ec32,val,2026-08-26T16:53:07
671a6c99c9f2,val,2026-08-26T16:53:07
0e74f8566caf,val,2026-08-26T16:53:07
b33e43418ce7,val,2026-08-26T16:53:07
b9d34ed62ed8,val,2026-08-26T16:53:07
f9f9f3bd8624,val,2026-08-26T16:53:07
55d98e62302b,val,2026-08-26T16:53:07
870260c9f78c,val,2026-08-26T16:53:07
6dd74528f090,val,2026-08-26T16:53:07
bd2d2ba5ca07,val,2026-08-26T16:53:07
a6149dcdac75,val,2026-08-26T16:53:07
58af7fd7a100,val,2026-08-26T16:53:07
8279e833f9fa,val,2026-08-26T16:53:07
fb588546fa28,val,2026-08-26T16:53:07
a0ab07123483,val,2026-08-26T16:53:07
c75909e20b6a,val,2026-08-26T16:53:07
3eac37eb94cb,val,2026-08-26T16:53:07
15f83b6916c6,val,2026-08-26T16:53:07
9aa47fcfa30f,val,2026-08-26T16:53:07
546af1614e78,val,2026-08-26T16:53:07
8ad461a7c05a,val,2026-08-26T16:53:07
3062e76bc1c0,val,2026-08-26T16:53:07
c411a7c44f11,val,2026-08-26T16:53:07
1d7bc26e691a,val,2026-08-26T16:53:07
7ef62f341efd,val,2026-08-26T16:53:07
caad0a827ed6,test,2026-08-26T16:53:07
7938f56636b8,test,2026-08-26T16:53:07
12bb9fa494ce,test,2026-08-26T16:53:07
a06c93bb18f3,test,2026-08-26T16:53:07
fa36c581aef9,test,2026-08-26T16:53:07
c114ed050d94,test,2026-08-26T16:53:07
8826fb71f9fd,test,2026-08-26T16:53:07
c5be5b37212a,test,2026-08-26T16:53:07
b4d85fa2fed0,test,2026-08-26T16:53:07
50d27a50629e,test,2026-08-26T16:53:07
871bd4cade85,test,2026-08-26T16:53:07
ed991ddc45fb,test,2026-08-26T16:53:07
0c69cc2fbdbe,test,2026-08-26T16:53:07
77bcc3a27798,test,2026-08-26T16:53:07
554805054d6a,test,2026-08-26T16:53:07
c6099094efd4,test,2026-08-26T16:53:07
cae63da04b6d,test,2026-08-26T16:53:07
be8371d7a601,test,2026-08-26T16:53:07
d2d1f15a4da7,test,2026-08-26T16:53:07
ccbd368413dc,test,2026-08-26T16:53:07
dde7499a7376,test,2026-08-26T16:53:07
7df0cc629e5e,test,2026-08-26T16:53:07
eefc9928ef77,test,2026-08-26T16:53:07
d846db2966c4,test,2026-08-26T16:53:07
a5f1d6acccea,test,2026-08-26T16:53:07
bfee8535807e,test,2026-08-26T16:53:07
cb4eb8d42060,test,2026-08-26T16:53:07
1af0e0cdef92,test,2026-08-26T16:53:07
c2ea1a383bdf,test,2026-08-26T16:53:07
ce7ef5fe1789,test,2026-08-26T16:53:07
bb311541dedd,test,2026-08-26T16:53:07
1c62cc90331e,test,2026-08-26T16:53:07
e533bbfde22a,test,2026-08-26T16:53:07
641458821507,test,2026-08-26T16:53:07
e4d8a32edc66,test,2026-08-26T16:53:07
e60fe4a245b6,test,2026-08-26T16:53:07
cad2b6eadad8,test,2026-08-26T16:53:07
9d66a729b1cd,test,2026-08-26T16:53:07
edaacdd1e6d5,test,2026-08-26T16:53:07
d1498d28a6c5,test,2026-08-26T16:53:07
7748fa539abf,test,2026-08-26T16:53:07
c525da873167,test,2026-08-26T16:53:07
3ecd079dc5d4,test,2026-08-26T16:53:07
1abc25ea1e18,test,2026-08-26T16:53:07
dffb08cb5bc3,test,2026-08-26T16:53:07
69367bb2ff7b,test,2026-08-26T16:53:07
a9141f2c9745,test,2026-08-26T16:53:07
ea788f3e5b0f,test,2026-08-26T16:53:07
efadb5370805,test,2026-08-26T16:53:07
97cb2261a735,test,2026-08-26T16:53:07
75ca22b0958e,test,2026-08-26T16:53:07
2f502933d259,test,2026-08-26T16:53:07
8b28f9fd1a6a,test,2026-08-26T16:53:07
3b3747955a65,test,2026-08-26T16:53:07
38e01a2fe7c9,test,2026-08-26T16:53:07
374272ed71c5,test,2026-08-26T16:53:07
b89e1a84b9cf,test,2026-08-26T16:53:07
a7cafdfb226f,test,2026-08-26T16:53:07
b801fbd827b2,test,2026-08-26T16:53:07
41cb316d863d,test,2026-08-26T16:53:07
6bd5d473b053,test,2026-08-26T16:53:07
f489ef430a45,test,2026-08-26T16:53:07
44d693466c98,test,2026-08-26T16:53:07
2e1ebfe14aee,test,2026-08-26T16:53:07
305e0c3b1f01,test,2026-08-26T16:53:07
189b747bca3a,test,2026-08-26T16:53:07
721777b3cafc,test,2026-08-26T16:53:07
e0f9767877d9,test,2026-08-26T16:53:07
a8a2cccb3a03,test,2026-08-26T16:53:07
fb7345c17354,test,2026-08-26T16:53:07
b9b06246dcf6,test,2026-08-26T16:53:07
28bd537379db,test,2026-08-26T16:53:07
3d75f26d03df,test,2026-08-26T16:53:07
b1232e41b79a,test,2026-08-26T16:53:07
7fcef90dbfc5,test,2026-08-26T16:53:07
fae065f3317a,test,2026-08-26T16:53:07
e66255ee777a,test,2026-08-26T16:53:07
cc7254ddf85e,test,2026-08-26T16:53:07
9edbb3894a76,test,2026-08-26T16:53:07
4fc90bae6eb5,test,2026-08-26T16:53:07
32d398ea7ebc,test,2026-08-26T16:53:07
d168c01f6326,test,2026-08-26T16:53:07
b73c2ce861bf,test,2026-08-26T16:53:07
67ab2ee07862,test,2026-08-26T16:53:07
c2ede221ac1c,test,2026-08-26T16:53:07
a2e9b77316fc,test,2026-08-26T16:53:07
1731ebb4dbee,test,2026-08-26T16:53:07
20fba34b16a8,test,2026-08-26T16:53:07
16fc8450643a,test,2026-08-26T16:53:07
7bbdcae78da8,test,2026-08-26T16:53:07
f5ca6bdfa7fa,test,2026-08-26T16:53:07
7fc8031257e2,test,2026-08-26T16:53:07
536e4f935db0,test,2026-08-26T16:53:07
1394cb981926,test,2026-08-26T16:53:07
79e34f63357d,test,2026-08-26T16:53:07
f3c99771b149,test,2026-08-26T16:53:07
1107e53e8577,test,2026-08-26T16:53:07
24727ac357fa,test,2026-08-26T16:53:07
cab15905fc50,test,2026-08-26T16:53:07
065e96b77478,test,2026-08-26T16:53:07
1fe0fdc2321b,test,2026-08-26T16:53:07
9f2040c1ea92,test,2026-08-26T16:53:07
300f1c402e4b,test,2026-08-26T16:53:07
4f296b691d45,test,2026-08-26T16:53:07
1ff78914eecf,test,2026-08-26T16:53:07
615317b2d532,test,2026-08-26T16:53:07
926c0111a8b6,test,2026-08-26T16:53:07
2a01476dbb26,test,2026-08-26T16:53:07
b4cad4fb306f,test,2026-08-26T16:53:07
c622b33f76ea,test,2026-08-26T16:53:07
f99239ed7d00,test,2026-08-26T16:53:07
6018f2ec0d3a,test,2026-08-26T16:53:07
3ae34953ad3c,test,2026-08-26T16:53:07
252af2f9ff21,test,2026-08-26T16:53:07
4070d1c7d3fb,test,2026-08-26T16:53:07
5435547ec81f,test,2026-08-26T16:53:07
59b603bee731,test,2026-08-26T16:53:07
258e3103a162,test,2026-08-26T16:53:07
7f0fff92024c,test,2026-08-26T16:53:07
d4f7ecd8e5dd,test,2026-08-26T16:53:07
22f2a545eaeb,test,2026-08-26T16:53:07
0e150f31caa4,test,2026-08-26T16:53:07
1803ad879b64,test,2026-08-26T16:53:07
0909851867d0,test,2026-08-26T16:53:07
46df917ba11b,test,2026-08-26T16:53:07
81767a437caf,test,2026-08-26T16:53:07
f697d598afdd,test,2026-08-26T16:53:07
3252edcf1b97,test,2026-08-26T16:53:07
5dd4fbd2e1d1,test,2026-08-26T16:53:07
9184c522f193,test,2026-08-26T16:53:07
8a6f2e5b8c63,test,2026-08-26T16:53:07
064bf484baf9,test,2026-08-26T16:53:07
d1b8cbf7a5cc,test,2026-08-26T16:53:07
3c37e1c88ec5,test,2026-08-26T16:53:07
7cdba30030b4,test,2026-08-26T16:53:07
ab1df619ace1,test,2026-08-26T16:53:07
9c762ba55019,test,2026-08-26T16:53:07
00d7ccd481dc,test,2026-08-26T16:53:07
6602346936bf,test,2026-08-26T16:53:07
08f48f5e04c1,test,2026-08-26T16:53:07
fe2d1bef6c1d,test,2026-08-26T16:53:07
144bbffdd1e7,test,2026-08-26T16:53:07
0fea237dff91,test,2026-08-26T16:53:07
96a14e49d8bc,test,2026-08-26T16:53:07
103d3bcec322,test,2026-08-26T16:53:07
35435687c0f5,test,2026-08-26T16:53:07
b53d2e86c602,test,2026-08-26T16:53:07
1207a75a6cc5,test,2026-08-26T16:53:07
cf6d0bfa8734,test,2026-08-26T16:53:07
05c3f55743e4,test,2026-08-26T16:53:07
7d8aa6db6208,test,2026-08-26T16:53:07
476ccde506b0,test,2026-08-26T16:53:07
b25b928cdda8,test,2026-08-26T16:53:07
39e18a98874c,test,2026-08-26T16:53:07
e3060a734a7f,test,2026-08-26T16:53:07
99150662ffd5,test,2026-08-26T16:53:07
000562c882d2,test,2026-08-26T16:53:07
745793f6d8df,test,2026-08-26T16:53:07
7a5a1c033ded,test,2026-08-26T16:53:07
db7b518808b6,test,2026-08-26T16:53:07
a43d41db6f72,test,2026-08-26T16:53:07
e114b8180661,test,2026-08-26T16:53:07
134a489f1ad7,test,2026-08-26T16:53:07
0b4f58316cfb,test,2026-08-26T16:53:07
6a75bec0a063,test,2026-08-26T16:53:07
deda4c53d397,test,2026-08-26T16:53:07
336198927079,test,2026-08-26T16:53:07
df2891383f92,test,2026-08-26T16:53:07
8aae65b2cccb,test,2026-08-26T16:53:07
49dffca3465f,test,2026-08-26T16:53:07
ad5e534634d0,test,2026-08-26T16:53:07
0532e0517a31,test,2026-08-26T16:53:07
401fb2318af8,test,2026-08-26T16:53:07
8463ac2e0c1e,test,2026-08-26T16:53:07
6b4363785c28,test,2026-08-26T16:53:07
7cb0ad615663,test,2026-08-26T16:53:07
587591a2dfa6,test,2026-08-26T16:53:07
ce3c87aa4f3c,test,2026-08-26T16:53:07
53a0f4c027b4,test,2026-08-26T16:53:07
a205671578f1,test,2026-08-26T16:53:07
6c25faa3f1e6,test,2026-08-26T16:53:07
e1527b505d2e,test,2026-08-26T16:53:07
e91ddcb346a4,test,2026-08-26T16:53:07
706cd41cc97e,test,2026-08-26T16:53:07
4892c184afc7,test,2026-08-26T16:53:07
56bdab821ce4,test,2026-08-26T16:53:07
eef5d639879f,test,2026-08-26T16:53:07
37a12cbd6d90,test,2026-08-26T16:53:07
53aed5514142,test,2026-08-26T16:53:07
de27480696e7,test,2026-08-26T16:53:07
c2cf3c2317fc,test,2026-08-26T16:53:07
7f6cf71cdbad,test,2026-08-26T16:53:07
d047e91fb760,test,2026-08-26T16:53:07
f1dd462137a5,test,2026-08-26T16:53:07
bd1df3fe46f2,test,2026-08-26T16:53:07
0ba2fd427112,test,2026-08-26T16:53:07
1e71b68f91e8,test,2026-08-26T16:53:07
16b7f5f7e312,test,2026-08-26T16:53:07
2ec5f3758794,test,2026-08-26T16:53:07
c9e1aa6737c6,test,2026-08-26T16:53:07
376499fbccf1,test,2026-08-26T16:53:07
a78050459ac8,test,2026-08-26T16:53:07
db2fbd299de6,test,2026-08-26T16:53:07
ebec2bf81b95,test,2026-08-26T16:53:07
7557cb029679,test,2026-08-26T16:53:07
f7dcee7de82b,test,2026-08-26T16:53:07
55039d636c6f,test,2026-08-26T16:53:07
f80b46d42398,test,2026-08-26T16:53:07
3d797edb8f4f,test,2026-08-26T16:53:07
127bdd827e4b,test,2026-08-26T16:53:07
54bcdf4c0d1a,test,2026-08-26T16:53:07
91d8a17c93ef,test,2026-08-26T16:53:07
0d27ba638fef,test,2026-08-26T16:53:07
51dc6f5a51da,test,2026-08-26T16:53:07
25cb97b95097,test,2026-08-26T16:53:07
731de5943efc,test,2026-08-26T16:53:07
ffb566ff3a44,test,2026-08-26T16:53:07
5fce9eaf805e,test,2026-08-26T16:53:07
a999c4b29ff5,test,2026-08-26T16:53:07
0478603ed382,test,2026-08-26T16:53:07
748939c0e8e5,test,2026-08-26T16:53:07
3e61027d9213,test,2026-08-26T16:53:07
bf27fc7285bf,test,2026-08-26T16:53:07
05bf6451b4ab,test,2026-08-26T16:53:07
ea37534effe8,test,2026-08-26T16:53:07
7f473f80f90e,test,2026-08-26T16:53:07
4bddd6af6938,test,2026-08-26T16:53:07
42a55383df82,test,2026-08-26T16:53:07
59f777fdf5d9,test,2026-08-26T16:53:07
7ac406d7b88b,test,2026-08-26T16:53:07
48a2c8c905ef,test,2026-08-26T16:53:07
fa2ac88c385b,test,2026-08-26T16:53:07
3104501896a3,test,2026-08-26T16:53:07
fce70281d269,test,2026-08-26T16:53:07
e27112749bfe,test,2026-08-26T16:53:07
f4ebb0e5d7e8,test,2026-08-26T16:53:07
315a48f59e90,test,2026-08-26T16:53:07
df70c76da102,test,2026-08-26T16:53:07
67d5ba1bcfab,test,2026-08-26T16:53:07
ddc538e87b2c,test,2026-08-26T16:53:07
de1d741d346f,test,2026-08-26T16:53:07
84195a023f69,test,2026-08-26T16:53:07
100718281fae,test,2026-08-26T16:53:07
05d2b39d3863,test,2026-08-26T16:53:07
abd42c604d27,test,2026-08-26T16:53:07
0b6b9ed65e1a,test,2026-08-26T16:53:07
8ad0d2455f58,test,2026-08-26T16:53:07
1f68622d46f8,test,2026-08-26T16:53:07
60b1a26cc499,test,2026-08-26T16:53:07
aa6d285fad85,test,2026-08-26T16:53:07
21fda0342295,test,2026-08-26T16:53:07
e26ebae0945d,test,2026-08-26T16:53:07
28c59974bd9d,test,2026-08-26T16:53:07
24184a7398d2,test,2026-08-26T16:53:07
8ab577ccd7d1,test,2026-08-26T16:53:07
52df79558f2b,test,2026-08-26T16:53:07
d60c81f88221,test,2026-08-26T16:53:07
de2ce51f4ed0,test,2026-08-26T16:53:07
81b43af164fa,test,2026-08-26T16:53:07
92826b79c591,test,2026-08-26T16:53:07
ed21bb9a1ca9,test,2026-08-26T16:53:07
2d6114e0e3d1,test,2026-08-26T16:53:07
b8c2f6eafe08,test,2026-08-26T16:53:07
656bfe0ef044,test,2026-08-26T16:53:07
e036f701a813,test,2026-08-26T16:53:07
09568bd1ad50,test,2026-08-26T16:53:07
afe9c4faf35b,test,2026-08-26T16:53:07
428ecc801f35,test,2026-08-26T16:53:07
d772f90006ac,test,2026-08-26T16:53:07
51952a3a02a6,test,2026-08-26T16:53:07
510750c3a2d6,test,2026-08-26T16:53:07
31e6124a8616,test,2026-08-26T16:53:07
d2106ba7946d,test,2026-08-26T16:53:07
cd5380766aa1,test,2026-08-26T16:53:07
600ba09fa9c8,test,2026-08-26T16:53:07
cc041f3da981,test,2026-08-26T16:53:07
ddd96cb8d442,test,2026-08-26T16:53:07
2ede329bee4a,test,2026-08-26T16:53:07
f6902b29dcb8,test,2026-08-26T16:53:07
120a7241c6c5,test,2026-08-26T16:53:07
76e0c6d7e9a7,test,2026-08-26T16:53:07
8295a0fc51bb,test,2026-08-26T16:53:07
acd28c6e92c9,test,2026-08-26T16:53:07
e303db8d9c97,test,2026-08-26T16:53:07
a8cc435b859e,test,2026-08-26T16:53:07
3947f597403d,test,2026-08-26T16:53:07
5140bc003a61,test,2026-08-26T16:53:07
0256fe966e88,test,2026-08-26T16:53:07
17ff66bb0680,test,2026-08-26T16:53:07
5cf2499cdcf1,test,2026-08-26T16:53:07
ff37f2a587c9,test,2026-08-26T16:53:07
46551c90dd84,test,2026-08-26T16:53:07
19d6f9054e10,test,2026-08-26T16:53:07
1ca0573d9356,test,2026-08-26T16:53:07
9a11209d0775,test,2026-08-26T16:53:07
feeed5864cf6,test,2026-08-26T16:53:07
f756683351fd,test,2026-08-26T16:53:07
5f4a7aaa57a8,test,2026-08-26T16:53:07
1b7ce4a4ee7d,test,2026-08-26T16:53:07
02408ed7734f,test,2026-08-26T16:53:07
4ee8a8792af7,test,2026-08-26T16:53:07
f5bd88faa5b3,test,2026-08-26T16:53:07
bdfc99f5f646,test,2026-08-26T16:53:07
017360f628bd,test,2026-08-26T16:53:07
fb0ac34dd421,test,2026-08-26T16:53:07
6ff12c2b5446,test,2026-08-26T16:53:07
78081103bb97,test,2026-08-26T16:53:07
9bfaa049e87d,test,2026-08-26T16:53:07
d9b49d2da38d,test,2026-08-26T16:53:07
1b2e8b89075e,test,2026-08-26T16:53:07
3ae865c101b4,test,2026-08-26T16:53:07
8634e7a791bc,test,2026-08-26T16:53:07
fab650c21bfd,test,2026-08-26T16:53:07
a33fb00210d1,test,2026-08-26T16:53:07
a9ac32c382da,test,2026-08-26T16:53:07
ff2dcc8703e2,test,2026-08-26T16:53:07
9e6e7275cb0f,test,2026-08-26T16:53:07
b9cbbf792a86,test,2026-08-26T16:53:07
5e63812fc4f4,test,2026-08-26T16:53:07
513afd1ac9f9,test,2026-08-26T16:53:07
a0fd2e14e160,test,2026-08-26T16:53:07
f708750242bf,test,2026-08-26T16:53:07
135464a34e96,test,2026-08-26T16:53:07
6ed4d8d183f3,test,2026-08-26T16:53:07
5d1cad78db3e,test,2026-08-26T16:53:07
09fa39a3d6bf,test,2026-08-26T16:53:07
66402926c400,test,2026-08-26T16:53:07
75c027d3e87b,test,2026-08-26T16:53:07
a3c8746c1a48,test,2026-08-26T16:53:07
f50503b0a394,test,2026-08-26T16:53:07
98dd822c2b51,test,2026-08-26T16:53:07
d873f75abb7c,test,2026-08-26T16:53:07
5d9e0e24d4eb,test,2026-08-26T16:53:07
c15647df7d62,test,2026-08-26T16:53:07
bb2f8fe973ce,test,2026-08-26T16:53:07
fe1762f9aa5a,test,2026-08-26T16:53:07
80828f9fcede,test,2026-08-26T16:53:07
a1344750f357,test,2026-08-26T16:53:07
dc3b4ba83eb6,test,2026-08-26T16:53:07
982ec467ded5,test,2026-08-26T16:53:07
2cfcbe913d5e,test,2026-08-26T16:53:07
1ae58b14f033,test,2026-08-26T16:53:07
4cb57d058251,test,2026-08-26T16:53:07
239dc3b8a911,test,2026-08-26T16:53:07
6abbf4079e0d,test,2026-08-26T16:53:07
166e93f81836,test,2026-08-26T16:53:07
a6a026ec9054,test,2026-08-26T16:53:07
f367ae17fd86,test,2026-08-26T16:53:07
48f006bf9cce,test,2026-08-26T16:53:07
3c3e04ee46f6,test,2026-08-26T16:53:07
34be3ef4e7cd,test,2026-08-26T16:53:07
5fc9b69512d2,test,2026-08-26T16:53:07
bd41ce4357ef,test,2026-08-26T16:53:07
5dc9b3490028,test,2026-08-26T16:53:07
3ba87b9ba272,test,2026-08-26T16:53:07
3e9fb5323377,test,2026-08-26T16:53:07
2c828553a80a,test,2026-08-26T16:53:07
12b8568ed002,test,2026-08-26T16:53:07
6f7b7e67edfe,test,2026-08-26T16:53:07
2cb8abc8c3be,test,2026-08-26T16:53:07
02ff57443f02,test,2026-08-26T16:53:07
cb1e855ba339,test,2026-08-26T16:53:07
32af34160041,test,2026-08-26T16:53:07
2f1bb3d90487,test,2026-08-26T16:53:07
cdc4c342b0ba,test,2026-08-26T16:53:07
01fc74ce918c,test,2026-08-26T16:53:07
5e9c41ff7940,test,2026-08-26T16:53:07
8f3501b9339c,test,2026-08-26T16:53:07
197ca5150c49,test,2026-08-26T16:53:07
75ee62e53f68,test,2026-08-26T16:53:07
3738ee0ee331,test,2026-08-26T16:53:07
fd4bd739f596,test,2026-08-26T16:53:07
c57603068490,test,2026-08-26T16:53:07
18aee121f2cb,test,2026-08-26T16:53:07
6ecd6157d9cd,test,2026-08-26T16:53:07
8f33acefbd3f,test,2026-08-26T16:53:07
0a519ba7d78b,test,2026-08-26T16:53:07
4b28882d9bbf,test,2026-08-26T16:53:07
0ec74fefafb7,test,2026-08-26T16:53:07
d755c9ea29c2,test,2026-08-26T16:53:07
f94304f699b9,test,2026-08-26T16:53:07
c7e6b804a8ac,test,2026-08-26T16:53:07
74bc7dce328e,test,2026-08-26T16:53:07
c8900c2db5d3,test,2026-08-26T16:53:07
d44355b4d7ed,test,2026-08-26T16:53:07
e11235ebb265,test,2026-08-26T16:53:07
bfe8566d771b,test,2026-08-26T16:53:07
75429f6a7fbf,test,2026-08-26T16:53:07
b3f27effa6f8,test,2026-08-26T16:53:07
f8eb8c15bc09,test,2026-08-26T16:53:07
2df54eb97f42,test,2026-08-26T16:53:07
4f5a1e05b9a2,test,2026-08-26T16:53:07
8f04bcadba6b,test,2026-08-26T16:53:07
8c67372ec780,test,2026-08-26T16:53:07
e6e2e989be3e,test,2026-08-26T16:53:07
add3b33f3876,test,2026-08-26T16:53:07
f0865762df0f,test,2026-08-26T16:53:07
e5180565ad76,test,2026-08-26T16:53:07
66adf3af45f1,test,2026-08-26T16:53:07
c9a0564a8aa6,test,2026-08-26T16:53:07
58d9593047b7,test,2026-08-26T16:53:07
803f2f92164b,test,2026-08-26T16:53:07
da47c80939a9,test,2026-08-26T16:53:07
29cd5947152f,test,2026-08-26T16:53:07
721b920e157c,test,2026-08-26T16:53:07
ddbb4bbe97d2,test,2026-08-26T16:53:07
89265c95c1c0,test,2026-08-26T16:53:07
ce10e1d74de9,test,2026-08-26T16:53:07
84b67b838481,test,2026-08-26T16:53:07
4e10311ccfa8,test,2026-08-26T16:53:07
edd4563d6384,test,2026-08-26T16:53:07
70007cada645,test,2026-08-26T16:53:07
35bf794aba4e,test,2026-08-26T16:53:07
4a38cdc4f34d,test,2026-08-26T16:53:07
fe0ad79bf1a9,test,2026-08-26T16:53:07
1bb9612b52a8,test,2026-08-26T16:53:07
871aa3cd4da6,test,2026-08-26T16:53:07
90456e73b35e,test,2026-08-26T16:53:07
a807fe11a7cd,test,2026-08-26T16:53:07
8c2b1bdffc71,test,2026-08-26T16:53:07
89a142db5e0d,test,2026-08-26T16:53:07
5a3609b68017,test,2026-08-26T16:53:07
331552163580,test,2026-08-26T16:53:07
3751bc791e98,test,2026-08-26T16:53:07
